temple_name,photo_1_url,photo_2_url,photo_3_url,photo_4_url
"Amaralingeswara Swamy Temple","https://upload.wikimedia.org/wikipedia/commons/f/fe/Ratha_Yatra_at_Sri_Amaralingeswara_Swamy_temple_01.jpg","https://upload.wikimedia.org/wikipedia/commons/b/b1/Sri_Amaralingeswara_Swamy_temple_%26_Chariot_%28vertical%29.jpg","https://upload.wikimedia.org/wikipedia/commons/1/1f/Crowd_Visiting_stalls_along_the_Amaralingeswara_temple_road.jpg","https://upload.wikimedia.org/wikipedia/commons/5/55/Sri_Amaralingeswara_Swamy_temple_%26_Chariot.jpg"
"Sri Satyanarayana Swamy Temple","https://upload.wikimedia.org/wikipedia/commons/4/44/Rangapuram_Temple_9.JPG","https://upload.wikimedia.org/wikipedia/commons/b/bd/Rangapuram_Temple_8.JPG","https://upload.wikimedia.org/wikipedia/commons/9/94/Rangapuram_Temple_11.JPG","https://upload.wikimedia.org/wikipedia/commons/6/68/Rangapuram_Temple_10.JPG"
"Kanaka Durga Temple","https://upload.wikimedia.org/wikipedia/commons/4/41/Om_Symbol_at_Kanaka_Durga_Temple.jpg","https://upload.wikimedia.org/wikipedia/commons/d/d4/View_of_Kanaka_Durga_Temple_on_Indrakeeladri.jpg","https://upload.wikimedia.org/wikipedia/commons/d/d7/View_of_Kanaka_Durga_Temple_Basement.jpg","https://upload.wikimedia.org/wikipedia/commons/0/05/Bezawada_Kanaka_Durga_temple.jpg"
"Penchalakona Lakshmi Narasimha Swamy Temple",null,null,null,null
"Sri Malyadri Lakshmi Narasimha Swamy Temple",null,null,null,null
"Sri Panakala Narasimha Swamy Temple",null,null,null,null
"Sri Varasiddhi Vinayaka Swamy Temple","https://upload.wikimedia.org/wikipedia/commons/1/1b/Swayambu_Sri_Varasiddhi_Vinayaka_Swamy_temple_at_Kanipakkam.jpg",null,null,null
"Sri Varaha Lakshmi Narasimha Swamy Temple","https://upload.wikimedia.org/wikipedia/commons/9/97/Lakshmi_Narasimha_Swamy_temple%2C_Dharmapuri_Telangana_-_5.jpg","https://upload.wikimedia.org/wikipedia/commons/d/d7/Sri_Narasimha_Swamy_and_Vimana_Narasimha_Swamy.jpg","https://upload.wikimedia.org/wikipedia/commons/5/5a/Simhachalam_inner_temple_architecture.jpg",null
"Srikalahasti Temple","https://upload.wikimedia.org/wikipedia/commons/5/56/Srikalahasti_temple_and_Hill.jpg","https://upload.wikimedia.org/wikipedia/commons/1/1e/View_of_Srikalahasti_temple.jpg","https://upload.wikimedia.org/wikipedia/commons/a/a1/Srikalahasti_temple_and_Ghat.jpg","https://upload.wikimedia.org/wikipedia/commons/7/75/Srikalahasti_temple.jpg"
"Tirumala Venkateswara Temple","https://upload.wikimedia.org/wikipedia/commons/d/d9/Tirumala_Venkateswara_temple_entrance_09062015.JPG","https://upload.wikimedia.org/wikipedia/commons/4/4e/Tirumala_090615.jpg","https://upload.wikimedia.org/wikipedia/commons/2/2a/A_View_of_Tirumala_Venkateswara_Temple.JPG","https://upload.wikimedia.org/wikipedia/commons/e/e4/Tirumala_Venkateswara_Temple%2C_Tirupati_%2824338261275%29.jpg"
"Vontimitta Ram Mandir",null,null,null,null
"Mallikarjuna Swamy Temple","https://upload.wikimedia.org/wikipedia/commons/e/eb/Mallanna_Swamy_temple%2C_Komuravelli_Telangana_-_04.jpg","https://upload.wikimedia.org/wikipedia/commons/2/2d/Mallanna_Swamy_temple%2C_Komuravelli_Telangana_-_10.jpg","https://upload.wikimedia.org/wikipedia/commons/c/c0/Mallanna_Swamy_temple%2C_Komuravelli_Telangana_-_8.jpg","https://upload.wikimedia.org/wikipedia/commons/8/81/Mallanna_Swamy_temple%2C_Komuravelli_Telangana_-_9.jpg"
"Ahobilam Temple Complex","https://upload.wikimedia.org/wikipedia/commons/6/67/14th_century_Ahobila_Narasimha_Swamy_temple%2C_Upper_Ahobilam%2C_Andhra_Pradesh_India_-_5.jpg","https://upload.wikimedia.org/wikipedia/commons/4/44/16th_century_Lakshmi_Narasimha_Swamy_temple%2C_Lower_Ahobilam%2C_Andhra_Pradesh_India_-_11.jpg","https://upload.wikimedia.org/wikipedia/commons/9/92/16th_century_Lakshmi_Narasimha_Swamy_temple%2C_Lower_Ahobilam%2C_Andhra_Pradesh_India_-_53.jpg","https://upload.wikimedia.org/wikipedia/commons/2/2e/14th_century_Ahobila_Narasimha_Swamy_temple%2C_Upper_Ahobilam%2C_Andhra_Pradesh_India_-_01.jpg"
"Lepakshi Veerabhadra Temple","https://upload.wikimedia.org/wikipedia/commons/b/bd/Veerabhadra_Temple_Tower.JPG","https://upload.wikimedia.org/wikipedia/commons/5/53/LPK23_Lepakshi_-_Veerabhadra_Temple_Info_Board.jpg","https://upload.wikimedia.org/wikipedia/commons/a/ad/Sculpture_at_the_Veerabhadra_Temple%2C_Lepakshi%2C_Andhra_Pradesh%2C_India_%282015%29.jpg","https://upload.wikimedia.org/wikipedia/commons/f/f2/LPK23_Lepakshi_Veerabhadra_temple_Gopuram_-_Black_kite.jpg"
"Arasavalli Sun Temple","https://upload.wikimedia.org/wikipedia/commons/9/96/Inscriptions_at_Sun_Temple_in_Arasavalli_01.jpg","https://upload.wikimedia.org/wikipedia/commons/a/a2/Inscriptions_at_Sun_Temple_in_Arasavalli_02.jpg","https://upload.wikimedia.org/wikipedia/commons/a/ab/Inscriptions_at_Sun_Temple_in_Arasavalli_03.jpg","https://upload.wikimedia.org/wikipedia/commons/0/0d/Arasavilli_Sri_Suryanarayanamurty_Temple_of_Srikakulam%2C_Andhra_Pradesh_%283%29.jpg"
"Yaganti Uma Maheswara Temple","https://upload.wikimedia.org/wikipedia/commons/f/f6/Yaganti_Gopuram.JPG","https://upload.wikimedia.org/wikipedia/commons/e/e2/Yaganti_Temple_premise.jpg","https://upload.wikimedia.org/wikipedia/commons/d/d7/Agastya_Pushkarini_at_Uma_Maheswara_Temple_Yaganti_Andhra_Pradesh.jpg","https://upload.wikimedia.org/wikipedia/commons/8/89/Yaganti_Temple_Sthamba.jpg"
"Draksharamam Temple","https://upload.wikimedia.org/wikipedia/commons/7/7a/Draksharama_temple%2C_Draksharamam.jpg","https://upload.wikimedia.org/wikipedia/commons/9/97/Draksharamam_temple.jpg","https://upload.wikimedia.org/wikipedia/commons/8/8c/Pond_near_the_temple_at_Draksharamam_05.JPG","https://upload.wikimedia.org/wikipedia/commons/9/9d/Pond_near_the_temple_at_Draksharamam_04.JPG"
"Kamakhya Temple","https://upload.wikimedia.org/wikipedia/commons/d/dc/Kamakhya_Temple%2C_Guwahati.jpg","https://upload.wikimedia.org/wikipedia/commons/d/d0/Kamakhya_Temple%2C_Nilanchal_pahad.jpg","https://upload.wikimedia.org/wikipedia/commons/4/46/Kamakhya_Temple_on_the_Ambubachi_Mela%2C_2023.jpg","https://upload.wikimedia.org/wikipedia/commons/a/ae/Maa_Kamakhya_Temple_2.jpg"
"Umananda Temple","https://upload.wikimedia.org/wikipedia/commons/2/2a/Umananda_Mandir.jpg","https://upload.wikimedia.org/wikipedia/commons/f/f1/Umananda_Temple_in_Peacock_Island%2C_Guwahati_06.jpg","https://upload.wikimedia.org/wikipedia/commons/4/4f/Umananda_Temple_in_Peacock_Island%2C_Guwahati_07.jpg","https://upload.wikimedia.org/wikipedia/commons/0/07/Umananda_Temple_in_Peacock_Island%2C_Guwahati_02.jpg"
"Mahabodhi Temple","https://upload.wikimedia.org/wikipedia/commons/d/dc/Mahabodhi_Temple_South_Wall_%282%29.jpg","https://upload.wikimedia.org/wikipedia/commons/7/7c/Votive_Stupas_-_Mahabodhi_Temple_Complex_-_Bodh_Gaya_%2813%29.jpg","https://upload.wikimedia.org/wikipedia/commons/c/ce/Decorative_Panels_on_Votive_Stupas_-_Mahabodhi_Temple_Complex_%281%29.jpg","https://upload.wikimedia.org/wikipedia/commons/7/75/Votive_Stupas_-_Mahabodhi_Temple_Complex_-_Bodh_Gaya_%2818%29.jpg"
"Vishnupad Temple","https://upload.wikimedia.org/wikipedia/commons/e/ee/Vishnupad_temple_gaya_bihar.jpg","https://upload.wikimedia.org/wikipedia/commons/0/0c/Vishnupad-temple.jpg","https://upload.wikimedia.org/wikipedia/commons/0/04/Vishnupad.jpg","https://upload.wikimedia.org/wikipedia/commons/b/b4/Vishnupad_Temple_-_panoramio.jpg"
"Patan Devi Temple","https://upload.wikimedia.org/wikipedia/commons/1/15/Temple_of_Chandika_Devi_-_Patan_-Maharashtra_-SGR_001.jpg","https://upload.wikimedia.org/wikipedia/commons/3/31/Balkumari_Devi_Temple_Balkumari_Lalitpur_Nepal_Rajesh_Dhungana_%282%29.jpg","https://upload.wikimedia.org/wikipedia/commons/6/66/Tamarindus_indica_at_Patan_Devi_Temple_Ancient_imli_tree.jpg","https://upload.wikimedia.org/wikipedia/commons/8/8d/Patan_Devi_Temple.JPG"
"Mangla Gauri Temple","https://upload.wikimedia.org/wikipedia/commons/d/d9/View_of_Gaya_from_Hills_of_Mangla_Gauri.jpg","https://upload.wikimedia.org/wikipedia/commons/5/56/Historic_heritage_sites_of_Bihar_with_GPS_coordinates.jpg","https://upload.wikimedia.org/wikipedia/commons/3/32/Mangala_Gauri_Temple_at_Gaya%2C_Bihar.jpg",null
"Danteshwari Temple","https://upload.wikimedia.org/wikipedia/commons/c/c2/0011122_Dantewada_Danteswari_Mata_Mandir_Chattisgarh_060.jpg","https://upload.wikimedia.org/wikipedia/commons/f/f9/Danteshwari_Temple_%2C_Jagdalpur.jpg","https://upload.wikimedia.org/wikipedia/commons/c/c2/Maa_Danteswari_Mandir_Front.JPG","https://upload.wikimedia.org/wikipedia/commons/f/f6/Danteswari_Temple_0034.jpg"
"Bamleshwari Temple","https://upload.wikimedia.org/wikipedia/commons/3/3c/Maa_Bamleshwari_Temple.jpg","https://upload.wikimedia.org/wikipedia/commons/f/f8/Shrine_bimbleswari.JPG","https://upload.wikimedia.org/wikipedia/commons/b/b7/Arieal_View_from_Maa_Bamleshwari_Devi_Temple_on_a_hilltop.JPG","https://upload.wikimedia.org/wikipedia/commons/9/93/Maa_Bamleshwari.jpg"
"Jhandewalan Temple","https://upload.wikimedia.org/wikipedia/commons/d/d6/Idol_of_Maa_Aadi_Shakti_at_Jhandewalan_Temple%2C_Delhi.jpg","https://upload.wikimedia.org/wikipedia/commons/6/61/Jhandewalan_temple_at_night_on_Navratri.jpg","https://upload.wikimedia.org/wikipedia/commons/d/dd/Main_entrance_gate_of_Jhandewalan_Temple%2C_Delhi.jpg","https://upload.wikimedia.org/wikipedia/commons/4/45/Jhandewalan_Temple_complex_and_spire%2C_New_Delhi.jpg"
"Laxminarayan Temple Birla Mandir Delhi","https://upload.wikimedia.org/wikipedia/commons/3/33/Laxminarayan_Temple_Delhi_2013.jpg","https://upload.wikimedia.org/wikipedia/commons/0/00/Birla_Mandir_of_New_Delhi_05.jpg","https://upload.wikimedia.org/wikipedia/commons/6/6d/Birla_Mandir_of_New_Delhi_01.jpg","https://upload.wikimedia.org/wikipedia/commons/e/e8/Birla_Mandir_of_New_Delhi_02.jpg"
"Shri Kalkaji Mandir","https://upload.wikimedia.org/wikipedia/commons/8/81/The_Prime_Minister%2C_Shri_Narendra_Modi_flagging_off_the_Metro_Magenta_Line_from_Botanical_Garden_to_Kalkaji_Mandir%2C_at_Noida%2C_Uttar_Pradesh.jpg","https://upload.wikimedia.org/wikipedia/commons/3/38/Jai_Maa_Shri_Kalka_Ji_-_Godess_Maa_Kalka_Ji_also_Known_as_Maa_Kali.jpg",null,null
"Lotus Temple Delhi","https://upload.wikimedia.org/wikipedia/commons/d/dc/Lotus_Temple_in_New_Delhi_03-2016.jpg","https://upload.wikimedia.org/wikipedia/commons/f/f7/Lotus_Temple-Panoroma-Visit_During_WCI_2016-_IMG_6471.jpg","https://upload.wikimedia.org/wikipedia/commons/7/7a/Lotus_temple_in_Delhi%2C_India_%282018%29.jpg","https://upload.wikimedia.org/wikipedia/commons/9/94/A_view_of_Lotus_Temple%2C_Kalkaji%2C_Delhi.jpg"
"ISKCON Temple Delhi","https://upload.wikimedia.org/wikipedia/commons/d/d2/Iskcon_Delhi_Temple.jpg","https://upload.wikimedia.org/wikipedia/commons/3/39/ISKCON_temple%2C_Delhi.jpg","https://upload.wikimedia.org/wikipedia/commons/e/e5/ISKCON_temple_delhi_garbha_griha.jpg","https://upload.wikimedia.org/wikipedia/commons/8/89/Kartik_Purnima_2025_celebration_at_ISKCON_Temple_Delhi_26.jpg"
"Chhatarpur Temple","https://upload.wikimedia.org/wikipedia/commons/e/e9/Chattarpur_Temple.jpg","https://upload.wikimedia.org/wikipedia/commons/d/d0/Chhatarpur_Temple%2C_Delhi%2C_India.jpg","https://upload.wikimedia.org/wikipedia/commons/d/d6/Nandi_at_Shiva_temple%2C_Chhatarpur_temple%2C_Delhi.jpg","https://upload.wikimedia.org/wikipedia/commons/3/3d/The_main_courtyard_of_Chhatarpur_Temple%2C_Delhi.jpg"
"Akshardham Temple Delhi","https://upload.wikimedia.org/wikipedia/commons/b/bd/Akshardham_Delhi.jpg","https://upload.wikimedia.org/wikipedia/commons/a/a4/Akshardham_Lotus.jpg","https://upload.wikimedia.org/wikipedia/commons/8/8c/Akshardham_fountain.jpg","https://upload.wikimedia.org/wikipedia/commons/1/13/Akshardham_Temple_Delhi_2.jpg"
"Shree Shantadurga Temple Goa","https://upload.wikimedia.org/wikipedia/commons/3/3c/Shree_Shantadurga_Temple%2C_Fatorpa%2C_Goa.jpg","https://upload.wikimedia.org/wikipedia/commons/4/4b/Shree_Shantadurga_Temple%2C_Donshiwado%2C_Ponda%2C_Goa_vrvbgoa2k24_%2890%29.jpg","https://upload.wikimedia.org/wikipedia/commons/2/22/Shree_Shantadurga_Temple%2C_Donshiwado%2C_Ponda%2C_Goa_vrvbgoa2k24_%2889%29.jpg","https://upload.wikimedia.org/wikipedia/commons/d/de/Shree_Shantadurga_Temple%2C_Donshiwado%2C_Ponda%2C_Goa_vrvbgoa2k24_%2858%29.jpg"
"Dwarkadhish Temple Gujarat","https://upload.wikimedia.org/wikipedia/commons/a/a2/Dwarkadheesh_temple.jpg","https://upload.wikimedia.org/wikipedia/commons/f/fa/Dwarkadhish_Temple%2C_Dwarka%2C_Gujarat.JPG","https://upload.wikimedia.org/wikipedia/commons/b/bd/DWARKADHISH_TEMPLE.jpg","https://upload.wikimedia.org/wikipedia/commons/7/7f/G21D01_Dwarkadhish_Temple_from_Sudama_Setu_3D.jpg"
"Nageshwar Temple Gujarat","https://upload.wikimedia.org/wikipedia/commons/9/9f/Nageshwar_Temple_Gujarat.jpg","https://upload.wikimedia.org/wikipedia/commons/5/54/Nageshwar_Mahadev%2C_Shiva_Temple%2C_Gujarat_-_India_%283409088775%29.jpg","https://upload.wikimedia.org/wikipedia/commons/7/79/Nageshwar_Mahadev%2C_Shiva_Temple%2C_Gujarat_-_India_%283409086691%29.jpg","https://upload.wikimedia.org/wikipedia/commons/8/86/Nageshwar_Mahadev%2C_Shiva_Temple%2C_Gujarat_-_India_%283409089635%29.jpg"
"Palitana Jain Tirth Temple","https://upload.wikimedia.org/wikipedia/commons/d/da/Shatrunjay_Tirth.jpg","https://upload.wikimedia.org/wikipedia/commons/2/2e/View_Of_Palitana.jpg","https://upload.wikimedia.org/wikipedia/commons/6/66/Historic_heritage_sites_of_Gujarat_with_GPS_coordinates.jpg",null
"Somnath Temple","https://upload.wikimedia.org/wikipedia/commons/6/6b/Dev_Somnath_Temple%2C_Dungarpur._by_Hritik_Sharma.jpg","https://upload.wikimedia.org/wikipedia/commons/6/62/Dev_Somnath_Temple-2%2C_Dungarpur_by_hritik_sharma.jpg","https://upload.wikimedia.org/wikipedia/commons/a/a9/Sujay_Chatterjee_at_Somnath_Temple%2C_2024.jpg","https://upload.wikimedia.org/wikipedia/commons/f/f2/Shree_Somnath_Temple.jpg"
"Swaminarayan Akshardham Mandir Gandhinagar","https://upload.wikimedia.org/wikipedia/commons/7/77/Akshardham_Gandhinagar_Gujarat.jpg","https://upload.wikimedia.org/wikipedia/commons/6/6a/BAPS_Akshardham_Gandhinagar.jpg",null,null
"Ambaji Temple Gujarat","https://upload.wikimedia.org/wikipedia/commons/4/4d/0081323_Arasuri_Ambaji_mandir%2C_Shakti_Peeth%2C_north_Gujarat_076.jpg","https://upload.wikimedia.org/wikipedia/commons/f/fa/Ambaji_Temple_at_Night.jpg","https://upload.wikimedia.org/wikipedia/commons/b/b2/0081323_Arasuri_Ambaji_mandir%2C_Shakti_Peeth%2C_north_Gujarat_044.jpg","https://upload.wikimedia.org/wikipedia/commons/7/76/0081323_Arasuri_Ambaji_mandir%2C_Shakti_Peeth%2C_north_Gujarat_037.jpg"
"Modhera Sun Temple","https://upload.wikimedia.org/wikipedia/commons/9/96/Sun_Temple%2C_Modhera_-_Sabha_Mandap_01.jpg","https://upload.wikimedia.org/wikipedia/commons/1/1f/Sun_Temple%2C_Modhera_-_Guda_Mandap_02.jpg","https://upload.wikimedia.org/wikipedia/commons/1/1b/Sun_Temple%2C_Modhera_08.jpg","https://upload.wikimedia.org/wikipedia/commons/e/e0/Sun_Temple%2C_Modhera_03.jpg"
"Rukmini Devi Temple Dwarka","https://upload.wikimedia.org/wikipedia/commons/e/ed/N-GJ-128_Rukmini_Devi_Temple_Dwarka_Outer_Wall_Sculptures.jpg","https://upload.wikimedia.org/wikipedia/commons/f/f7/Rukmini_Devi_Temple%2C_Dwarka_during_Dwaraka_DWARASPDB_2015_%284%29.jpg","https://upload.wikimedia.org/wikipedia/commons/e/e7/Rukmini_Devi_Temple%2C_Dwarka_during_Dwaraka_DWARASPDB_2015_%2870%29.jpg","https://upload.wikimedia.org/wikipedia/commons/8/80/Rukmini_Devi_Temple%2C_Dwarka_during_Dwaraka_DWARASPDB_2015_%2821%29.jpg"
"Dakor Ranchhodraiji Temple","https://upload.wikimedia.org/wikipedia/commons/0/09/Dakore_temple_-_By_Ashesh_Shah.jpg","https://upload.wikimedia.org/wikipedia/commons/4/4b/Washing_clothes_on_riverside.jpg",null,null
"Shamlaji Temple Gujarat","https://upload.wikimedia.org/wikipedia/commons/2/22/Shamlaji_temple_Gujarat.jpg","https://upload.wikimedia.org/wikipedia/commons/e/e9/Shamlaji_Vishnu_Mandir_18.jpg","https://upload.wikimedia.org/wikipedia/commons/d/d6/Shamlaji_Vishnu_Mandir_01.jpg","https://upload.wikimedia.org/wikipedia/commons/c/cd/Shamlaji_temple-2.jpg"
"Bahuchar Mata Temple","https://upload.wikimedia.org/wikipedia/commons/9/93/Shree_Vihat_Bahuchar_Mata_Temple_Miyasana.png","https://upload.wikimedia.org/wikipedia/commons/d/d3/Shri_Bahuchar_Mata_Temple%2C_Vadnagar_2.jpg","https://upload.wikimedia.org/wikipedia/commons/2/21/Shri_Bahuchar_Mata_Temple%2C_Vadnagar_1.jpg","https://upload.wikimedia.org/wikipedia/commons/c/c9/Shri_Bahuchar_Mata_Temple%2C_Vadnagar_3.jpg"
"Hutheesing Jain Temple Ahmedabad","https://upload.wikimedia.org/wikipedia/commons/9/99/Sheth_Hutheesinh_Temple.jpg","https://upload.wikimedia.org/wikipedia/commons/a/a4/Hutheesing_Jain_Temple%2C_Ahmedabad_9.jpg","https://upload.wikimedia.org/wikipedia/commons/d/de/Hutheesing_Temple_Ahmedabad.JPG","https://upload.wikimedia.org/wikipedia/commons/7/7c/Hutheesing_Temple1_Ahmedabad.JPG"
"Mata Mansa Devi Temple Haridwar","https://upload.wikimedia.org/wikipedia/commons/d/d4/Mansa_Devi_Temple%2C_Haridwar_-_panoramio.jpg","https://upload.wikimedia.org/wikipedia/commons/6/6c/HARIDWAR_GLORY.jpg",null,null
"Sthaneshwar Mahadev Temple Kurukshetra","https://upload.wikimedia.org/wikipedia/commons/8/89/Sthaneshwar_Mahadev_temple_Thanesar.jpg","https://upload.wikimedia.org/wikipedia/commons/8/87/Sthaneshwar_Mahadev_ji.jpg","https://upload.wikimedia.org/wikipedia/commons/d/d6/Sthaneshwar_mahadev_mandir.jpg","https://upload.wikimedia.org/wikipedia/commons/a/a9/Sthaneshwar_mahadev_temple.jpg"
"Bhadrakali Temple Kurukshetra","https://upload.wikimedia.org/wikipedia/commons/0/09/Devi_koop_Bhadrakali_Mandir%2C_Kurukshetra.jpg","https://upload.wikimedia.org/wikipedia/commons/a/a8/Shaktipeeth_Shri_Devikoop_Bhadrakali_Mandir%2C_Kurukshetra.jpg",null,null
"Naina Devi Temple Himachal Pradesh","https://upload.wikimedia.org/wikipedia/commons/d/d8/Night_view_of_a_bus_full_of_Pilgrims_at_Naina_Devi_Temple%2C_Bilaspur%2C_Himachal_Pradesh.jpg","https://upload.wikimedia.org/wikipedia/commons/4/4f/Pilgrims_from_Nawanshehr%2C_Punjab_carring_eternal_flame_to_Naina_Devi_temple_via_bus%2C_Himachal_Pradesh.jpg","https://upload.wikimedia.org/wikipedia/commons/6/6a/Naina_Devi%2C_Himachal_Pardesh_%2806%29.jpg","https://upload.wikimedia.org/wikipedia/commons/2/29/Pilgrims_from_Nawanshehr%2C_Punjab_carring_eternal_flame_to_Naina_Devi_temple_via_bus%2C_Himachal_Pradesh-II.jpg"
"Jwala Ji Temple Himachal Pradesh","https://upload.wikimedia.org/wikipedia/commons/0/01/0051223_Jwalamukhi_temple%2C_Jvala_ji_Himachal_Pradesh_024.jpg","https://upload.wikimedia.org/wikipedia/commons/d/d3/0051223_Jwalamukhi_temple%2C_Jvala_ji_Himachal_Pradesh_033.jpg","https://upload.wikimedia.org/wikipedia/commons/7/75/0051223_Jwalamukhi_temple%2C_Jvala_ji_Himachal_Pradesh_011.jpg","https://upload.wikimedia.org/wikipedia/commons/d/df/0051223_Jwalamukhi_temple%2C_Jvala_ji_Himachal_Pradesh_068.jpg"
"Brajeshwari Temple Kangra","https://upload.wikimedia.org/wikipedia/commons/4/4f/Frescos_in_Brajeshwari_Devi_Temple_kangra_himachal_pradesh.jpg","https://upload.wikimedia.org/wikipedia/commons/7/78/Brajeshwari_temple_compound_kangra_himachal_pradesh.jpg","https://upload.wikimedia.org/wikipedia/commons/4/40/Architecture_of_Entrance_gate_at_Brajeshwari_Devi_Temple_kangra_himachal_pradesh.jpg","https://upload.wikimedia.org/wikipedia/commons/8/87/Information_Panel_at_Brajeshwari_Devi_Temple_kangra_himachal_pradesh.jpg"
"Chintpurni Temple","https://upload.wikimedia.org/wikipedia/commons/0/0b/Praying_and_wanting_Maa%27s_Blessings_at_the_Maa_Chintpurni_Temple...Jai_Mata_Di.JPG","https://upload.wikimedia.org/wikipedia/commons/2/2e/Chintpurni_Devi_%2810%29.JPG","https://upload.wikimedia.org/wikipedia/commons/d/d4/Chintpurni_Devi_%281%29.JPG","https://upload.wikimedia.org/wikipedia/commons/e/e9/Chintpurni_Devi_%282%29.JPG"
"Raghunath Temple Jammu","https://upload.wikimedia.org/wikipedia/commons/f/f1/Raghunath_Temple_Jammu.JPG","https://upload.wikimedia.org/wikipedia/commons/6/68/18th-century_Yajurveda_manuscript_folio%2C_page_1%2C_Raghunath_temple_Jammu_archives.jpg","https://upload.wikimedia.org/wikipedia/commons/8/8c/The_Temples_of_Raghunath%2C_Jammu%2C_India%2C_ca.1875-ca.1940_%28imp-cswc-GB-237-CSWC47-LS10-011%29.jpg","https://upload.wikimedia.org/wikipedia/commons/5/57/12th-century_Samaveda_samhita_and_brahmanam%2C_Aranyaganam_Prapathaka_1-6%2C_page_2_front%2C_Raghunath_temple_archives%2C_Jammu.jpg"
"Vaishno Devi Temple","https://upload.wikimedia.org/wikipedia/commons/0/04/Mata_Vaishno_Devi_Mandir%2C_Katra.jpg","https://upload.wikimedia.org/wikipedia/commons/2/2d/Vaishno_Devi_Mandir%2C_Dhan.png","https://upload.wikimedia.org/wikipedia/commons/d/d4/Vaishno_Devi_Mandir_Jawali.png","https://upload.wikimedia.org/wikipedia/commons/3/3b/Vaishno_Devi_temple_complex_at_night.jpg"
"Amarnath Cave Temple","https://upload.wikimedia.org/wikipedia/commons/a/af/Lord_Amarnath.jpg","https://upload.wikimedia.org/wikipedia/commons/6/66/Cave_Temple_of_Lord_Amarnath.jpg","https://upload.wikimedia.org/wikipedia/commons/8/87/Amarnath_Cave_Temple.jpg","https://upload.wikimedia.org/wikipedia/commons/e/eb/Amarnath_cave_view.jpg"
"Shankaracharya Temple Kashmir","https://upload.wikimedia.org/wikipedia/commons/9/9b/The_Ancient_Shankaracharya_Temple_%28Srinagar%2C_Jammu_and_Kashmir%29_%28cropped%29.jpg","https://upload.wikimedia.org/wikipedia/commons/f/fc/The_Ancient_Shankaracharya_Temple_%28Srinagar%2C_Jammu_and_Kashmir%29.jpg","https://upload.wikimedia.org/wikipedia/commons/3/3f/Shankaracharya_Temple_and_the_view.jpg","https://upload.wikimedia.org/wikipedia/commons/b/b7/Shankaracharya_Temple_and_the_view_from_the_hill.jpg"
"Kheer Bhawani Temple Kashmir","https://upload.wikimedia.org/wikipedia/commons/5/55/Kheer_Bhawani-3.jpg","https://upload.wikimedia.org/wikipedia/commons/7/75/Kheer_Bhawani-4.jpg","https://upload.wikimedia.org/wikipedia/commons/3/32/Kheer_Bhawani-5.jpg","https://upload.wikimedia.org/wikipedia/commons/1/14/Kheer_Bhawani-2.jpg"
"Hari Parbat Temple Srinagar","https://upload.wikimedia.org/wikipedia/commons/e/e8/Srinagar_pano.jpg","https://upload.wikimedia.org/wikipedia/commons/0/09/Sharkiri_Mata_temple%2C_Hari_Parbat.jpg","https://upload.wikimedia.org/wikipedia/commons/6/6d/Ancient_Temple-Hari_Parbat-2.JPG","https://upload.wikimedia.org/wikipedia/commons/2/23/Wooden_windows_of_Hari_Parbat_Temple.JPG"
"Shikharji Temple Jharkhand","https://upload.wikimedia.org/wikipedia/commons/8/80/Atop_view_from_shikharji_temple_in_parasnath_hill%2C_giridih_%2C_jharkhand_sample_3.jpg","https://upload.wikimedia.org/wikipedia/commons/0/0c/Atop_view_from_shikharji_temple_in_parasnath_hill%2C_giridih_%2C_jharkhand_sample_2.jpg","https://upload.wikimedia.org/wikipedia/commons/c/c4/Atop_View_from_Shikharji_temple_in_Parasnath_Hill_%2C_Giridih_%2C_Jharkhand.jpg","https://upload.wikimedia.org/wikipedia/commons/f/ff/Shikharji_trail_map.png"
"Baidyanath Jyotirlinga Temple","https://upload.wikimedia.org/wikipedia/commons/6/69/Sacred_Pond_-_Baidyanath_Dham_Temple_Complex_-_Deoghar.jpg","https://upload.wikimedia.org/wikipedia/commons/9/90/Baba_Baidyanath_Jyotirlinga_Temple.jpg","https://upload.wikimedia.org/wikipedia/commons/0/04/Temples_at_Deorgag%2C_Santal_Parhanas%2C_Bihar_-_William_Hodges%2C_1782_-_BL_Foster_396.jpg","https://upload.wikimedia.org/wikipedia/commons/8/82/Baidyanath_temple_and_temple_complex%2C_Deoghar_21.jpg"
"Chamundeshwari Temple Mysuru","https://upload.wikimedia.org/wikipedia/commons/d/d1/Chamundeshwari_Temple%2C_Mysuru%2C_Karnataka%2C_India_Temple.jpg","https://upload.wikimedia.org/wikipedia/commons/0/00/Chamundeshwari_Temple%2C_Mysuru%2C_Karnataka%2C_India_%282020%29.jpg","https://upload.wikimedia.org/wikipedia/commons/b/b7/Chamundeshwari_Temple_%28Mysuru%29.jpg","https://upload.wikimedia.org/wikipedia/commons/7/7f/Chamundeshwari_Temple%2C_Chamundi_hills_-_Mysuru%2C_Karnataka.jpg"
"Shri Kshetra Dharmasthala","https://upload.wikimedia.org/wikipedia/commons/e/e4/Shri_Kshetra_Dharmasthala_Rural_Development_Project%2C_at_Ujire%2C_in_Karnataka_%281%29_%28cropped%29.jpg","https://upload.wikimedia.org/wikipedia/commons/a/a7/The_Prime_Minister%2C_Shri_Narendra_Modi_distributing_the_RuPay_cards_to_beneficiaries%2C_at_the_Shri_Kshetra_Dharmasthala_Rural_Development_Project%2C_at_Ujire%2C_in_Karnataka.jpg","https://upload.wikimedia.org/wikipedia/commons/c/c6/Dr._D._Veerendra_Heggade%2C_Dharmadhikari_of_Shri_Kshetra_Dharmasthala%2C_calls_on_the_Prime_Minister%2C_Shri_Narendra_Modi%2C_in_New_Delhi_on_August_31%2C_2016.jpg","https://upload.wikimedia.org/wikipedia/commons/3/3f/The_Prime_Minister%2C_Shri_Narendra_Modi_distributing_the_RuPay_cards_to_beneficiaries%2C_at_the_Shri_Kshetra_Dharmasthala_Rural_Development_Project%2C_at_Ujire%2C_in_Karnataka_%281%29.jpg"
"Sri Male Mahadeshwara Swamy Temple","https://upload.wikimedia.org/wikipedia/commons/a/a1/Male_Mahadeshwara_Temple.jpg",null,null,null
"Sringeri Sharada Peetham Temple","https://upload.wikimedia.org/wikipedia/commons/2/28/A_distant_view_of_the_Sringeri_Sharada_Peetham.jpg","https://upload.wikimedia.org/wikipedia/commons/0/07/Sringeri_Sharada_Peetham%2C_Sringeri%2C_Karnataka%2C_India_%282024%29.jpg","https://upload.wikimedia.org/wikipedia/commons/a/a3/Dakshinamnaya_Sri_Sharada_Peetham_9%2C_Sringeri%2C_Karnataka_02.jpg","https://upload.wikimedia.org/wikipedia/commons/3/31/Dakshinamnaya_Sri_Sharada_Peetham_9%2C_Sringeri%2C_Karnataka_01.jpg"
"Udupi Sri Krishna Matha","https://upload.wikimedia.org/wikipedia/commons/7/7d/Udupi_Sri_Krishna_Matha_Temple.jpg","https://upload.wikimedia.org/wikipedia/commons/8/89/Udupi_Sri_krishna_matha_Temple_pond.jpg","https://upload.wikimedia.org/wikipedia/commons/a/a6/Udupi_Sri_Krishna_Matha_during_Paryaya_festival_03.jpg","https://upload.wikimedia.org/wikipedia/commons/0/04/Udupi_Sri_Krishna_Matha_during_Paryaya_festival.jpg"
"Virupaksha Temple Hampi","https://upload.wikimedia.org/wikipedia/commons/c/cb/Hampi_-_Hemakuta_Hill%2C_Virupaksha_Temple.jpg","https://upload.wikimedia.org/wikipedia/commons/b/b9/Complex_of_Virupaksha_Temple%2C_Hampi_%2804%29.jpg","https://upload.wikimedia.org/wikipedia/commons/c/cc/Complex_of_Virupaksha_Temple%2C_Hampi_%2805%29.jpg","https://upload.wikimedia.org/wikipedia/commons/6/64/Complex_of_Virupaksha_Temple%2C_Hampi_%2808%29.jpg"
"Murudeshwar Temple","https://upload.wikimedia.org/wikipedia/commons/6/6c/Mhatobar_Shri_Murudeshwar_Temple%2C_Karnataka_02.jpg","https://upload.wikimedia.org/wikipedia/commons/c/c9/Mhatobar_Shri_Murudeshwar_Temple%2C_Karnataka_04.jpg","https://upload.wikimedia.org/wikipedia/commons/4/4a/Mhatobar_Shri_Murudeshwar_Temple%2C_Karnataka_01.jpg","https://upload.wikimedia.org/wikipedia/commons/a/a6/Mhatobar_Shri_Murudeshwar_Temple%2C_Karnataka_05.jpg"
"Kukke Subramanya Temple","https://upload.wikimedia.org/wikipedia/commons/f/f7/Kukke_Subramanya_Temple%2C_Karnataka_03.jpg","https://upload.wikimedia.org/wikipedia/commons/4/4b/Kukke_Subramanya_Temple%2C_Karnataka_06.jpg","https://upload.wikimedia.org/wikipedia/commons/4/48/Kukke_Subramanya_Temple%2C_Karnataka_05.jpg","https://upload.wikimedia.org/wikipedia/commons/7/7c/Kukke_Subramanya_Temple%2C_Karnataka_02.jpg"
"Gokarna Mahabaleshwar Temple","https://upload.wikimedia.org/wikipedia/commons/6/66/Main_entry_to_the_Mahabaleshwar_Temple_at_Gokaran.jpg","https://upload.wikimedia.org/wikipedia/commons/a/ac/Entrance_to_Gokarna_Mahabaleshwar_Temple_-_panoramio.jpg","https://upload.wikimedia.org/wikipedia/commons/4/49/Chariot_for_Lord_Gokarna_Mahabaleshwar_-_panoramio.jpg","https://upload.wikimedia.org/wikipedia/commons/a/aa/KW23-0754-Gokarna-AdiGokarna-FrontFull4_3D.jpg"
"Kollur Mookambika Temple","https://upload.wikimedia.org/wikipedia/commons/2/28/Kollur_Mookambika_Temple_20080123.JPG","https://upload.wikimedia.org/wikipedia/commons/d/d8/Kollur_Mookambika_Temple_main_shrine.jpg","https://upload.wikimedia.org/wikipedia/commons/5/57/Kollur_Mookambika_temple_entrance_gate.jpg","https://upload.wikimedia.org/wikipedia/commons/f/f7/Kollur_Mookambika_temple_east_entrance_gate.jpg"
"Chennakeshava Temple Belur","https://upload.wikimedia.org/wikipedia/commons/3/3f/Relief_work%CC%9E_Chennakeshava_temple%2C_Belur_%283%29.jpg","https://upload.wikimedia.org/wikipedia/commons/e/ef/Musician_playing_Kinnari_vina%2C_sculpture_at_Chennakeshava_Temple%2C_Belur_%28modified_1%29.jpg","https://upload.wikimedia.org/wikipedia/commons/c/c1/Chennakeshava_Temple_at_Belur.jpg","https://upload.wikimedia.org/wikipedia/commons/1/11/Musician_playing_Kinnari_vina%2C_sculpture_at_Chennakeshava_Temple%2C_Belur_%28modified_3%29.jpg"
"Hoysaleswara Temple Halebidu","https://upload.wikimedia.org/wikipedia/commons/5/5a/Hoysaleswara_Temple_at_Halebidu.jpg","https://upload.wikimedia.org/wikipedia/commons/3/3f/Reliefs%2C_Sculptures%2C_and_Interior_of_Hoysaleswara_Temple_Halebidu_DSCN6284_8.jpg","https://upload.wikimedia.org/wikipedia/commons/3/33/Reliefs%2C_Sculptures%2C_Interior_and_Outer_Wall_of_Hoysaleswara_Temple_Halebidu_DSCN6367_9.jpg","https://upload.wikimedia.org/wikipedia/commons/9/9d/Hoysaleswara_Temple%2C_Halebidu_bhvrvb2k23_%281068%29.jpg"
"ISKCON Temple Bangalore","https://upload.wikimedia.org/wikipedia/commons/1/11/ISKCON_Banglaore_Temple.jpg","https://upload.wikimedia.org/wikipedia/commons/1/19/ISKCON_Temple_pond%2C_Bangalore_%282012%29.jpg","https://upload.wikimedia.org/wikipedia/commons/3/38/ISKCON_Temple_Bangalore_%283475538274%29.jpg","https://upload.wikimedia.org/wikipedia/commons/2/2a/Khichdi_Prasadam_in_Donna_%28Iskcon_Bangalore%29.jpg"
"Horanadu Annapoorneshwari Temple","https://upload.wikimedia.org/wikipedia/commons/6/6b/Annapoorneshwari_Temple%2C_Horanadu.jpg","https://upload.wikimedia.org/wikipedia/commons/8/82/Horanadu_Temple_Entrance.jpg","https://upload.wikimedia.org/wikipedia/commons/a/a8/Horanadu_Temple_Entrance_%2832965363862%29.jpg","https://upload.wikimedia.org/wikipedia/commons/8/88/Horanadu_Temple_1.jpg"
"Banavasi Madhukeshwara Temple","https://upload.wikimedia.org/wikipedia/commons/1/13/Madhukeshwara_temple_at_Banavasi_sirsi.JPG","https://upload.wikimedia.org/wikipedia/commons/6/6d/Madhukeshwara_temple_at_Banavasi_sirsi_karnataka.JPG","https://upload.wikimedia.org/wikipedia/commons/c/c2/Madhukeshwara_Temple%2C_Banavasi.jpg","https://upload.wikimedia.org/wikipedia/commons/5/52/Madhukeshwara_Temple%2C_Banavasi_%2848014205983%29.jpg"
"Guruvayur Temple Kerala","https://upload.wikimedia.org/wikipedia/commons/e/eb/Guruvayur_Sree_Krishna_Temple.jpg","https://upload.wikimedia.org/wikipedia/commons/f/f0/Elephants_at_punnathoor_kotta_Guruvayur.jpg","https://upload.wikimedia.org/wikipedia/commons/6/62/009392022_Guruvayur_temple%2C_Kerala_024.jpg","https://upload.wikimedia.org/wikipedia/commons/d/db/A_Kerala_family_in_traditional_kerala_dress_at_guruvayur_temple.JPG"
"Padmanabhaswamy Temple Thiruvananthapuram","https://upload.wikimedia.org/wikipedia/commons/0/09/Sree_Padmanabhaswamy_temple_Thiruvananthapuram%2C.jpg","https://upload.wikimedia.org/wikipedia/commons/5/5b/Thiruvananthapuram_Padmanabhaswamy_temple.jpg","https://upload.wikimedia.org/wikipedia/commons/2/2d/Sree_Padmanabhaswamy_Temple_Lakshadeepam.jpg","https://upload.wikimedia.org/wikipedia/commons/2/2b/Padmanabhaswamy_Temple_%2878808%29.jpg"
"Sabarimala Temple Kerala","https://upload.wikimedia.org/wikipedia/commons/4/4c/Sabarimala_5.jpg","https://upload.wikimedia.org/wikipedia/commons/0/03/Sabarimala_4.jpg","https://upload.wikimedia.org/wikipedia/commons/5/5e/Sabarimala_3.jpg","https://upload.wikimedia.org/wikipedia/commons/5/55/Sabarimala_8.jpg"
"Chottanikkara Temple Kerala","https://upload.wikimedia.org/wikipedia/commons/a/ae/Chottanikkara_Temple.jpg","https://upload.wikimedia.org/wikipedia/commons/a/af/Chottanikkara_temple_pond.jpg","https://upload.wikimedia.org/wikipedia/commons/c/c1/Chottanikkara_Devi_Hindu_temple_entrance_in_Kanayannur_Kerala_India.jpg","https://upload.wikimedia.org/wikipedia/commons/2/21/Villagers-at-temple-pooja.jpg"
"Vadakkunnathan Temple Thrissur","https://upload.wikimedia.org/wikipedia/commons/0/0f/%E0%B4%B5%E0%B4%9F%E0%B4%95%E0%B5%8D%E0%B4%95%E0%B5%81%E0%B4%82%E0%B4%A8%E0%B4%BE%E0%B4%A5%E0%B4%95%E0%B5%8D%E0%B4%B7%E0%B5%87%E0%B4%A4%E0%B5%8D%E0%B4%B0%E0%B4%82-%E0%B4%A4%E0%B5%86%E0%B4%95%E0%B5%8D%E0%B4%95%E0%B5%87%E0%B4%97%E0%B5%8B%E0%B4%AA%E0%B5%81%E0%B4%B0%E0%B4%82.jpg","https://upload.wikimedia.org/wikipedia/commons/c/c5/Vadakkunnathan_Temple%2C_Thrissur.jpg","https://upload.wikimedia.org/wikipedia/commons/1/13/Vadakkunnathan_Temple_Thrissur_BN3Q3984.jpg","https://upload.wikimedia.org/wikipedia/commons/1/16/Vadakkunnathan_Temple_Thrissur.jpg"
"Attukal Bhagavathy Temple","https://upload.wikimedia.org/wikipedia/commons/6/6e/Attukal_Bhagavathy_temple_4.jpg","https://upload.wikimedia.org/wikipedia/commons/6/61/Attukal_Bhagavathy_temple_3.jpg","https://upload.wikimedia.org/wikipedia/commons/5/5d/Attukal_Bhagavathy_temple_1.jpg","https://upload.wikimedia.org/wikipedia/commons/a/a3/Attukal_Bhagavathy_temple_5.jpg"
"Vaikom Mahadeva Temple","https://upload.wikimedia.org/wikipedia/commons/d/d5/Vaikom_Temple.JPG","https://upload.wikimedia.org/wikipedia/commons/d/dd/Vaikom_Mahadeva_temple_02.jpg","https://upload.wikimedia.org/wikipedia/commons/a/a6/Vaikom_Mahadeva_temple_01.jpg","https://upload.wikimedia.org/wikipedia/commons/e/eb/Vaikom_Mahadeva_temple_01_2.jpg"
"Mannarasala Nagaraja Temple","https://upload.wikimedia.org/wikipedia/commons/4/45/Mannarasala_temple.jpg",null,null,null
"Sree Poornathrayeesa Temple","https://upload.wikimedia.org/wikipedia/commons/3/3f/Sree_Poornathrayeesa_Temple.jpg","https://upload.wikimedia.org/wikipedia/commons/b/b7/Thiruvambadi_Chandrasekharan_at_Sree_Poornathrayeesa_Temple_Thrippunithura.jpg","https://upload.wikimedia.org/wikipedia/commons/c/cc/Pampadi_Rajan_at_Sree_Poornathrayeesa_Temple_Thrippunithura.jpg","https://upload.wikimedia.org/wikipedia/commons/1/12/Thrippunithura-Elephants8_crop.jpg"
"Ambalappuzha Sri Krishna Temple","https://upload.wikimedia.org/wikipedia/commons/9/9d/Ampalappuzha_Srikrishna_temple.jpg","https://upload.wikimedia.org/wikipedia/commons/f/f8/Ambalappuzha_Sree_Krishna_Temple_Kunchan_nambiar_Mizhave.jpg","https://upload.wikimedia.org/wikipedia/commons/7/7a/Ambalappuzha_Sree_Krishna_Temple_17.jpg","https://upload.wikimedia.org/wikipedia/commons/8/80/Ambalappuzha_Sree_Krishna_Temple_08.jpg"
"Thirunelli Temple Kerala","https://upload.wikimedia.org/wikipedia/commons/6/62/Wayanad_-_Thirunelli_Temple_Relief.jpg","https://upload.wikimedia.org/wikipedia/commons/5/58/Wayanad_-_Thirunelli_Temple_Sculpture.jpg","https://upload.wikimedia.org/wikipedia/commons/1/13/Wayanad_-_Thirunelli_Temple_Painting.jpg","https://upload.wikimedia.org/wikipedia/commons/d/df/Entrance_road_to_Thirunelli_Temple_Kerala_in_2017.jpg"
"Khajuraho Temples","https://upload.wikimedia.org/wikipedia/commons/b/b6/Khajuraho_Dulhadeo_2010.jpg","https://upload.wikimedia.org/wikipedia/commons/c/cb/20120303_zoophilia_Lakshmana_Temple_Khajuraho_India_%28panoramic_version%29.jpg","https://upload.wikimedia.org/wikipedia/commons/6/61/Shantinath_Jain_Temple%2C_Khajuraho_India.JPG","https://upload.wikimedia.org/wikipedia/commons/7/70/Homosexuality_in_Khajuraho_sculpture.jpg"
"Mahakaleshwar Temple Ujjain","https://upload.wikimedia.org/wikipedia/commons/7/71/Shri_mahakaleshwar_jyotirlinga_temple_Ujjain_02.jpg","https://upload.wikimedia.org/wikipedia/commons/1/18/Shri_mahakaleshwar_jyotirlinga_temple_Ujjain_01.jpg","https://upload.wikimedia.org/wikipedia/commons/7/75/Mahakaleshwar_Temple%2C_Ujjain.jpg","https://upload.wikimedia.org/wikipedia/commons/f/f0/Mahakaleshwar_Temple_in_Ujjain.jpg"
"Omkareshwar Temple","https://upload.wikimedia.org/wikipedia/commons/8/88/Omkareshwar_Temple_02.jpg","https://upload.wikimedia.org/wikipedia/commons/c/c9/Omkareshwar_Temple_01.jpg","https://upload.wikimedia.org/wikipedia/commons/8/8b/Gomukh_ghat%2C_Omkareshwar_02.jpg","https://upload.wikimedia.org/wikipedia/commons/3/39/Omkareshwar_04.jpg"
"Bageshwar Dham Sarkar Madhya Pradesh","https://upload.wikimedia.org/wikipedia/commons/9/99/Bageshwar_Dham_Sarkar.png",null,null,null
"Maihar Devi Temple","https://upload.wikimedia.org/wikipedia/commons/d/d2/Mehar_Devi_Mata_Mandir_Hill_View.jpg","https://upload.wikimedia.org/wikipedia/commons/5/52/Evening_in_plateaus.jpg",null,null
"Pitambara Peeth Datia","https://upload.wikimedia.org/wikipedia/commons/e/e3/Pitambara_Peeth_temple%2C_Datia_city.jpg","https://upload.wikimedia.org/wikipedia/commons/6/63/Rajgarh_Fort.jpg",null,null
"Kal Bhairav Temple Ujjain","https://upload.wikimedia.org/wikipedia/commons/6/6b/Kal_Bhairav_temple_Ujjain.jpg","https://upload.wikimedia.org/wikipedia/commons/0/0b/Kal_Bhairav_Ujjain_-_entrance.jpg","https://upload.wikimedia.org/wikipedia/commons/3/35/Kal_Bhairav_Ujjain_-_vendor.jpg","https://upload.wikimedia.org/wikipedia/commons/1/12/Kal_Bhairav_Ujjain_-_Deepmalika.jpg"
"Chintaman Ganesh Temple Ujjain","https://upload.wikimedia.org/wikipedia/commons/c/c6/Chintaman_Ganesh_Railway_station.jpg","https://upload.wikimedia.org/wikipedia/commons/9/9e/Chintaman_Ganesh.jpg",null,null
"Chausath Yogini Temple Morena","https://upload.wikimedia.org/wikipedia/commons/c/ce/Chausath_Yogini_Temple%2C_Mitaoli%2C_Morena_006.jpg","https://upload.wikimedia.org/wikipedia/commons/f/f6/Chausath_Yogini_Temple%2C_Morena%2C_also_known_as_Ekattarso_Mahadeva_Temple%2C.jpg","https://upload.wikimedia.org/wikipedia/commons/d/db/Chausath_Yogini_Temple%2C_Mitaoli%2C_Morena_004.jpg","https://upload.wikimedia.org/wikipedia/commons/4/4a/Chausath_Yogini_Temple%2C_Mitaoli%2C_Morena_005.jpg"
"Sasbahu Temple Gwalior","https://upload.wikimedia.org/wikipedia/commons/9/9a/Bahu_temple_Gwalior_Fort_001_%281%29.jpg","https://upload.wikimedia.org/wikipedia/commons/d/d4/Sasbahu_Temple_%28Gwalior%29.jpg","https://upload.wikimedia.org/wikipedia/commons/e/e0/Sasbahu_Temple_%28Gwalior%2CMP%29.jpg","https://upload.wikimedia.org/wikipedia/commons/f/f1/Sasbahu_Temple_%28in_Gwalior%29.jpg"
"Bhojeshwar Temple Bhojpur","https://upload.wikimedia.org/wikipedia/commons/9/9e/Temple_of_Bhojpur%2C_MP.jpg","https://upload.wikimedia.org/wikipedia/commons/7/72/Lingam_of_Bhojpur_temple%2C_Raisen_district%2C_MP%2C_India.jpg","https://upload.wikimedia.org/wikipedia/commons/d/d7/Shiva_Temple%2C_Bhojpur_01.jpg","https://upload.wikimedia.org/wikipedia/commons/7/77/Shiva_Temple%2C_Bhojpur_02.jpg"
"Bhimashankar Jyotirlinga Maharashtra","https://upload.wikimedia.org/wikipedia/commons/a/a7/Bhimashankar_temple%2C_Maharashtra.JPG","https://upload.wikimedia.org/wikipedia/commons/d/d7/Bhimashankar.jpg","https://upload.wikimedia.org/wikipedia/commons/0/09/Bhimashankar_temple_front.jpg","https://upload.wikimedia.org/wikipedia/commons/1/17/Bhimashankar_temple.JPG"
"Kalaram Temple Nashik","https://upload.wikimedia.org/wikipedia/commons/e/ec/Main_deities_in_kalaram_temple%2C_Panchavati%2C_Nashik_%282%29.jpg","https://upload.wikimedia.org/wikipedia/commons/8/83/Kalaram_Temple%2C_Panchavati%2C_Nashik.jpg","https://upload.wikimedia.org/wikipedia/commons/0/0c/Main_deities_in_kalaram_temple%2C_Panchavati%2C_Nashik.jpg","https://upload.wikimedia.org/wikipedia/commons/e/ed/Two_elephant_sculptures_on_the_walls_of_kalaram_temple%2C_Nashik.jpg"
"Shirdi Sai Baba Temple","https://upload.wikimedia.org/wikipedia/commons/8/8d/Shirdi_Sai_Baba_Samadhi.jpg","https://upload.wikimedia.org/wikipedia/commons/a/ae/Sai_Baba_Temple%2C_Munnekollala%2C_Bengaluru.jpg","https://upload.wikimedia.org/wikipedia/commons/3/31/Shirdi_Sai_Temple_in_Inverness_Highlands_South%2C_Florida%2C_US_06.jpg","https://upload.wikimedia.org/wikipedia/commons/6/60/Shirdi_Sai_Temple_in_Inverness_Highlands_South%2C_Florida%2C_US_11.jpg"
"Siddhivinayak Temple Mumbai","https://upload.wikimedia.org/wikipedia/commons/b/b9/Shree_Siddhivinayak_Temple_Mumbai.jpg","https://upload.wikimedia.org/wikipedia/commons/c/cf/View_of_Siddhivinayak_Temple.jpg","https://upload.wikimedia.org/wikipedia/commons/f/f7/Siddhivinayak_Mumbai.jpg","https://upload.wikimedia.org/wikipedia/commons/b/b5/Siddhivinayak_temple.jpg"
"Trimbakeshwar Temple","https://upload.wikimedia.org/wikipedia/commons/e/e4/Trimbakeshwar_Shiva_Temple_2005.jpg","https://upload.wikimedia.org/wikipedia/commons/2/2d/Close-up_of_the_shikhara_of_Trimbakeshwar_Shiva_Temple%2C_Trimbak%2C_Maharashtra%2C_India.jpg","https://upload.wikimedia.org/wikipedia/commons/b/b1/Trimbakeshwar_nj.jpg","https://upload.wikimedia.org/wikipedia/commons/6/63/Trimbakeshwar_Mandir%2C_Pune.jpg"
"Grishneshwar Temple","https://upload.wikimedia.org/wikipedia/commons/7/7d/Grishneshwar_Temple_Ellora.jpg","https://upload.wikimedia.org/wikipedia/commons/a/ad/Grishneshwar_temple_in_Aurangabad_district.jpg","https://upload.wikimedia.org/wikipedia/commons/6/61/Grishneshwar_Mosque.jpg","https://upload.wikimedia.org/wikipedia/commons/5/5d/Grishneshwar_temple_%28Sive_view%29_in_Aurangabad_district.jpg"
"Mahalakshmi Temple Kolhapur","https://upload.wikimedia.org/wikipedia/commons/b/b8/Ambadevi%27s_Temple%2C_Kolhapur.jpg","https://upload.wikimedia.org/wikipedia/commons/e/e9/Mahalakshmi_temple%2C_Kolhapur.jpg","https://upload.wikimedia.org/wikipedia/commons/d/d0/Mahalakshmi_temple_Kolhapur_%282066163558%29.jpg","https://upload.wikimedia.org/wikipedia/commons/2/25/Mahalaxmi_Temple%2C_Kolhapur%2C_Maharashtra_08.jpg"
"Tulja Bhavani Temple","https://upload.wikimedia.org/wikipedia/commons/a/a0/Tulja_Bhavani_Devi.jpg","https://upload.wikimedia.org/wikipedia/commons/b/b1/Raje_Shahaji_Mahadwar_of_Tulja_Bhavani_Temple.jpg","https://upload.wikimedia.org/wikipedia/commons/5/5a/Tulja_Bhavani_Mandir%2C_Tuljapur.jpg","https://upload.wikimedia.org/wikipedia/commons/5/59/Tulja_Bhavani_Temple_In_1992.jpg"
"Renuka Mata Temple Maharashtra","https://upload.wikimedia.org/wikipedia/commons/1/13/Goddess_Renuka_temple_on_Salher_fort.jpg","https://upload.wikimedia.org/wikipedia/commons/f/f2/Renuka_Temple_Chandwad.jpg","https://upload.wikimedia.org/wikipedia/commons/5/53/Historic_heritage_sites_of_Maharashtra_with_GPS_coordinates.jpg","https://upload.wikimedia.org/wikipedia/commons/d/d9/Inisde_Mahur_Temple.jpg"
"Saptashrungi Temple","https://upload.wikimedia.org/wikipedia/commons/0/06/Goddess_Saptashrungi_Devi_Temple1.jpg","https://upload.wikimedia.org/wikipedia/commons/b/b7/Saptashrungi_temple_at_night.JPG","https://upload.wikimedia.org/wikipedia/commons/6/6a/Saptashrungi_temple.JPG","https://upload.wikimedia.org/wikipedia/commons/d/d3/Goddess_Saptashrungi_Devi_Temple..jpg"
"Mayureshwar Temple Morgaon","https://upload.wikimedia.org/wikipedia/commons/7/71/Shri_Mayureshwar_Temple%2C_morgoan_%28_this_is_one_of_the_temples_of_Ashtavinayaka_%29.png","https://upload.wikimedia.org/wikipedia/commons/2/2d/Morgaon.jpg","https://upload.wikimedia.org/wikipedia/commons/3/32/Moregaon.jpg","https://upload.wikimedia.org/wikipedia/commons/b/b2/Moregaon2.jpg"
"Ballaleshwar Temple Pali","https://upload.wikimedia.org/wikipedia/commons/6/66/Ballaleshwar_Pali_Chamber.jpg","https://upload.wikimedia.org/wikipedia/commons/e/e0/Ballaleshwar_Pali_Interior.jpg","https://upload.wikimedia.org/wikipedia/commons/a/a0/Ballaleshwar_Pali_Entry_Gate.jpg","https://upload.wikimedia.org/wikipedia/commons/e/e1/Ballaleshwar_Pali_Side_View.jpg"
"Varadvinayak Temple Mahad",null,null,null,null
"Chintamani Temple Theur","https://upload.wikimedia.org/wikipedia/commons/7/7f/Theur_Chintamani_Temple.jpg","https://upload.wikimedia.org/wikipedia/commons/d/d2/Shri_Cintamani_of_Theur.jpg","https://upload.wikimedia.org/wikipedia/commons/2/2f/Astavinayak_Ganpati_Theur_Pune.jpg","https://upload.wikimedia.org/wikipedia/commons/1/11/Indian_temple_1.58.jpg"
"Girijatmaj Temple Lenyadri",null,null,null,null
"Vighnahar Temple Ozar","https://upload.wikimedia.org/wikipedia/commons/d/d4/Ozhar_-_Shri_Vighnahar.jpg","https://upload.wikimedia.org/wikipedia/commons/1/19/Ozhar_Shree_Vighnahar.jpg","https://upload.wikimedia.org/wikipedia/commons/5/53/Historic_heritage_sites_of_Maharashtra_with_GPS_coordinates.jpg",null
"Mahaganapati Temple Ranjangaon","https://upload.wikimedia.org/wikipedia/commons/b/b4/Ranjangaon_Mahaganapati_Temple_entrance_view.jpg","https://upload.wikimedia.org/wikipedia/commons/9/99/Ranjangaon_Mahaganapati_Temple_-Dattatreya.jpg","https://upload.wikimedia.org/wikipedia/commons/1/1d/Ranjangaon_Mahaganapati_Temple_Viman.jpg","https://upload.wikimedia.org/wikipedia/commons/5/59/Ranjangaon_Mahaganapati_Temple-Mahadev_Shrine.jpg"
"Pandharpur Vithoba Temple","https://upload.wikimedia.org/wikipedia/commons/2/2e/Pandharpur_Vithoba_temple.jpg","https://upload.wikimedia.org/wikipedia/commons/5/5f/Vithoba_Pandharpur_temple_chief_gate.jpg","https://upload.wikimedia.org/wikipedia/commons/6/6d/Vithoba_temple_Pandharpur_west_gate.jpg","https://upload.wikimedia.org/wikipedia/commons/a/a9/Pandurang_vitthal_Temple%2C_Pandharpur%2C_Maharashtra_03.jpg"
"Dagadusheth Halwai Ganapati Pune","https://upload.wikimedia.org/wikipedia/commons/0/06/Dagadusheth_Halwai_Ganapati_in_the_2023_Ganeshotsav_Pandal.jpg","https://upload.wikimedia.org/wikipedia/commons/9/9e/Dagadusheth_Halwai_Ganapati_Temple_decorated_on_Ganesh_Jayanti_2025.jpg","https://upload.wikimedia.org/wikipedia/commons/a/ad/Dagadusheth_Halwai_Ganapati_Pandal_2024.jpg","https://upload.wikimedia.org/wikipedia/commons/3/3d/Dagadusheth_Halwai_Ganpati_Temple_illuminated_2.jpg"
"Mumbadevi Temple Mumbai","https://upload.wikimedia.org/wikipedia/commons/1/1d/Hindu_devotee_at_Mumbadevi_Temple_before_Holi.jpg","https://upload.wikimedia.org/wikipedia/commons/2/27/Mumbadevi_temple.jpg","https://upload.wikimedia.org/wikipedia/commons/7/7d/Mumbadevi_Sikhara.jpg",null
"Babulnath Temple Mumbai","https://upload.wikimedia.org/wikipedia/commons/6/6d/Babulnath_Temple_Mumbai.jpg","https://upload.wikimedia.org/wikipedia/commons/0/0e/Babulnath_Temple.jpg","https://upload.wikimedia.org/wikipedia/commons/4/48/2-P1010051_Babul_nath_temple.JPG","https://upload.wikimedia.org/wikipedia/commons/3/32/Independence_Day_Ride_with_DesmoOwnersClubMumbai_-_2016_Ride-3_%2829358935350%29.jpg"
"Ekvira Aai Temple Karla","https://upload.wikimedia.org/wikipedia/commons/0/0e/Adidhskti_Mata_Ekvira_Devi_Temple.jpg","https://upload.wikimedia.org/wikipedia/commons/5/5c/Goddess_Ekvira_Temple_and_karla_Caves.jpg","https://upload.wikimedia.org/wikipedia/commons/8/8a/Karla_Caves_and_nearby_temple.jpg",null
"Jyotiba Temple Kolhapur","https://upload.wikimedia.org/wikipedia/commons/3/39/Jyotiba_temple_Kolhapur_Maharashtra.jpg","https://upload.wikimedia.org/wikipedia/commons/b/b8/Jyotiba-temple-palkhi.jpg","https://upload.wikimedia.org/wikipedia/commons/f/fe/Cannon_at_Jyotiba_Temple_02.jpg","https://upload.wikimedia.org/wikipedia/commons/5/5f/Inscription_on_Cannon_at_Jyotiba_Temple_02.jpg"
"Nartiang Durga Temple Meghalaya","https://upload.wikimedia.org/wikipedia/commons/5/5d/Jayanti_Shaktipeeth_Nartiang_Durga_Temple.jpg","https://upload.wikimedia.org/wikipedia/commons/3/3e/Inside_Maa_Jayantee_temple%2C_Nartiang%2C_Meghalaya.jpg","https://upload.wikimedia.org/wikipedia/commons/6/69/Nartiang_Durga_temple.jpg","https://upload.wikimedia.org/wikipedia/commons/e/ea/The_idols_in_Maa_Jayantee_temple%2C_Nartiang%2C_Meghalaya.jpg"
"Jagannath Temple Puri","https://upload.wikimedia.org/wikipedia/commons/f/f3/Lord_Jagannath_temple_at_night.jpg","https://upload.wikimedia.org/wikipedia/commons/7/7b/Jagannath_Temple%2C_Puri_04.jpg","https://upload.wikimedia.org/wikipedia/commons/e/e2/Jagannath_Temple%2C_Puri_03.jpg","https://upload.wikimedia.org/wikipedia/commons/b/bf/Jagannath_Temple%2C_Puri_06.jpg"
"Lingaraj Temple Bhubaneswar","https://upload.wikimedia.org/wikipedia/commons/b/bb/Lingaraja_Temple_01.jpg","https://upload.wikimedia.org/wikipedia/commons/3/35/Lingaraj_Temple_Complex_-_Odisha_-_X.jpg","https://upload.wikimedia.org/wikipedia/commons/6/64/Lingaraj_Temple_Complex_-_Odisha_-_XI.jpg","https://upload.wikimedia.org/wikipedia/commons/c/ca/Lingaraj_Temple_Complex_-_Odisha_-_IX.jpg"
"Ram Mandir Bhubaneswar Odisha","https://upload.wikimedia.org/wikipedia/commons/5/5c/Ram_Mandir%2C_Bhubaneswar._Odisha.jpg","https://upload.wikimedia.org/wikipedia/commons/8/89/Ram_Mandir_Bhubaneswar_-_Page_Banner.jpg","https://upload.wikimedia.org/wikipedia/commons/1/18/Rama_Mandira_Bhubaneswar_Odisha.jpg","https://upload.wikimedia.org/wikipedia/commons/e/ed/Rama_Mandira_Bhubaneswar_Odisha1.JPG"
"Tara Tarini Temple Odisha","https://upload.wikimedia.org/wikipedia/commons/7/7f/Tara_Tarini_Temple_Ganjam.jpg","https://upload.wikimedia.org/wikipedia/commons/8/87/Tara_Tarini_temple_Of_Ganjam%2C_Odisha.jpg","https://upload.wikimedia.org/wikipedia/commons/7/7a/Taratarini_Temple%2C_Odisha.jpg","https://upload.wikimedia.org/wikipedia/commons/b/bb/Taratarini_maa.jpg"
"Konark Sun Temple","https://upload.wikimedia.org/wikipedia/commons/4/41/13th_Century_sculptures_at_Konark_Sun_Temple_Puri_district%2C_Odisha%2C_India.jpg","https://upload.wikimedia.org/wikipedia/commons/f/f2/13th_Century_stone_curvings_at_Konark_Sun_Temple_Puri_district%2C_Odisha%2C_India.jpg","https://upload.wikimedia.org/wikipedia/commons/1/16/Wheel_engraved_in_the_13th_century_built_Konark_Sun_Temple_in_Orissa%2C_India.jpg","https://upload.wikimedia.org/wikipedia/commons/0/0f/13th_Century_stone_curvings_at_Konark_Sun_Temple_Puri_district%2C_Odisha%2C_India_5.jpg"
"Mukteswara Temple Bhubaneswar","https://upload.wikimedia.org/wikipedia/commons/e/ee/PXL_20250609_064243183_Siddheswara_Temple_and_Mukteswara_Temple_Bhubaneswar%2C_Odisha_24.jpg","https://upload.wikimedia.org/wikipedia/commons/6/66/PXL_20250609_064243183_Siddheswara_Temple_and_Mukteswara_Temple_Bhubaneswar%2C_Odisha_23.jpg","https://upload.wikimedia.org/wikipedia/commons/e/e3/PXL_20250609_064243183_Siddheswara_Temple_and_Mukteswara_Temple_Bhubaneswar%2C_Odisha_03.jpg","https://upload.wikimedia.org/wikipedia/commons/f/f1/PXL_20250609_064243183_Siddheswara_Temple_and_Mukteswara_Temple_Bhubaneswar%2C_Odisha_06.jpg"
"Samaleswari Temple Sambalpur","https://upload.wikimedia.org/wikipedia/commons/a/ad/Samaleswari_Temple%2C_Sambalpur.jpg","https://upload.wikimedia.org/wikipedia/commons/3/39/Samaleswari_Temple_%40_Night.jpg","https://upload.wikimedia.org/wikipedia/commons/6/66/Samaleswari_Temple.jpg","https://upload.wikimedia.org/wikipedia/commons/8/8d/6300_-_Sambalpur_-_Tempio_di_Shree_Shree_Samalswari_%28resize%29.jpg"
"Rajarani Temple Bhubaneswar","https://upload.wikimedia.org/wikipedia/commons/7/70/Rajarani_Temple_03.jpg","https://upload.wikimedia.org/wikipedia/commons/6/6e/Rajarani_Temple_01.jpg","https://upload.wikimedia.org/wikipedia/commons/4/42/Rajarani_Temple_02.jpg","https://upload.wikimedia.org/wikipedia/commons/1/19/Rajarani_Temple_04.jpg"
"The Golden Temple Amritsar","https://upload.wikimedia.org/wikipedia/commons/4/4d/Hamandir_Sahib_%28Golden_Temple%29.jpg","https://upload.wikimedia.org/wikipedia/commons/4/41/Sikh_pilgrim_at_the_Golden_Temple_%28Harmandir_Sahib%29_in_Amritsar%2C_India.jpg","https://upload.wikimedia.org/wikipedia/commons/a/a1/Harmandir_Sahib%2C_Amritsar%2C_India.jpg","https://upload.wikimedia.org/wikipedia/commons/c/c4/Akal_Takht_and_Harmandir_Sahib%2C_Amritsar%2C_Punjab%2C_India.jpg"
"Durgiana Temple Amritsar","https://upload.wikimedia.org/wikipedia/commons/3/30/Durgiana_Temple%2C_Amritsar_03.jpg","https://upload.wikimedia.org/wikipedia/commons/8/87/Durgiana_Temple%2C_Amritsar_01.jpg","https://upload.wikimedia.org/wikipedia/commons/f/f8/Durgiana_Temple%2C_Amritsar_02.jpg","https://upload.wikimedia.org/wikipedia/commons/5/53/Durgiana_Temple%2C_Amritsar_04.jpg"
"Shri Devi Talab Mandir Jalandhar","https://upload.wikimedia.org/wikipedia/commons/a/af/Devi_talab_jal.jpg","https://upload.wikimedia.org/wikipedia/commons/4/44/Amarnath_Cave.jpg","https://upload.wikimedia.org/wikipedia/commons/6/64/Devi_Talab_Jalandhar_01.jpg","https://upload.wikimedia.org/wikipedia/commons/1/15/Lord_shiva_with_family_Painting.jpg"
"Mukteshwar Mahadev Temple Punjab","https://upload.wikimedia.org/wikipedia/commons/7/7f/Mukteshwar_Mahadev_Mandir.jpg",null,null,null
"Govind Dev Ji Temple Jaipur","https://upload.wikimedia.org/wikipedia/commons/5/55/Govind_Dev_Ji_Temple%2C_Jaipur%2C_20191218_1059_9092.jpg","https://upload.wikimedia.org/wikipedia/commons/5/54/Govind_Dev_Ji_Temple%2C_Jaipur%2C_20191218_1059_9091.jpg","https://upload.wikimedia.org/wikipedia/commons/e/e1/Shree_Govind_Dev_Ji_Temple_Jaipur_Rajasthan.jpg","https://upload.wikimedia.org/wikipedia/commons/d/db/Pandit_Jasraj_at_Govind_Dev_Ji_Temple%2C_Jaipur_2011.jpg"
"Khatu Shyam Ji Temple Rajasthan","https://upload.wikimedia.org/wikipedia/commons/1/12/Khatu_Shyam_Ji_Entrance_Gate.jpg",null,null,null
"Mehandipur Balaji Temple Rajasthan","https://upload.wikimedia.org/wikipedia/commons/f/fb/Mehandipur_balaji.jpg","https://upload.wikimedia.org/wikipedia/commons/8/8f/Mehndipur_balaji%28hanuman_temple%29.jpg","https://upload.wikimedia.org/wikipedia/commons/6/6b/Mehndipur_balaji.jpg","https://upload.wikimedia.org/wikipedia/commons/b/b2/Mehandipur_Balaji_exterior.jpg"
"Nathdwara Shrinathji Temple Rajasthan","https://upload.wikimedia.org/wikipedia/commons/3/34/Shrinathji_Swaroop.png","https://upload.wikimedia.org/wikipedia/commons/3/33/Historic_heritage_sites_of_Rajasthan_with_GPS_coordinates.jpg","https://upload.wikimedia.org/wikipedia/commons/b/b8/Painter_at_work%2C_Nathdwara.jpg","https://upload.wikimedia.org/wikipedia/commons/b/bb/Maha_Daan_Leela.png"
"Salasar Dham Temple Rajasthan","https://upload.wikimedia.org/wikipedia/commons/f/fc/Salasar_balaji_02.jpg","https://upload.wikimedia.org/wikipedia/commons/a/a0/Salasar_balaji_01.jpg","https://upload.wikimedia.org/wikipedia/commons/1/1c/Salasar%2C_rajisthan.jpg","https://upload.wikimedia.org/wikipedia/commons/2/26/Jaibajrangbali.jpg"
"Trinetra Ganesh Temple Ranthambore","https://upload.wikimedia.org/wikipedia/commons/f/f6/Ganesh_Temple_at_Ranthambore_Fort.jpg","https://upload.wikimedia.org/wikipedia/commons/4/4f/Ganesh_Temple_Ranthambore_Fort.jpg","https://upload.wikimedia.org/wikipedia/commons/a/aa/Raj_Kumar_in_Ganesha_temple.jpg",null
"Brahma Temple Pushkar","https://upload.wikimedia.org/wikipedia/commons/f/f6/Ghats_oni_Pushkar%27s_lake_being_dredged_Rajasthan.jpg","https://upload.wikimedia.org/wikipedia/commons/3/39/Brahma_Temple%2C_Pushkar.jpg","https://upload.wikimedia.org/wikipedia/commons/5/5a/Pushkar_Brahma_Temple%2C_at_Pushkar_in_Rajasthan_09.jpg","https://upload.wikimedia.org/wikipedia/commons/b/ba/Brahma_Temple%2C_Pushkar%2C_RJ.jpg"
"Karni Mata Temple Deshnok","https://upload.wikimedia.org/wikipedia/commons/9/9b/Karni_Mata_Temple_Deshnok_Near_Bikaner_Rajasthan_India_2013-09-08_16-29.jpg","https://upload.wikimedia.org/wikipedia/commons/2/29/Deshnok%2C_Karni_Mata_Temple_%286271597223%29.jpg","https://upload.wikimedia.org/wikipedia/commons/8/84/Courtyard_of_the_Karni_Mata_temple_at_Deshnoke_near_Bikaner.jpg","https://upload.wikimedia.org/wikipedia/commons/9/91/Entrance_of_the_Karni_Mata_temple_at_Deshnoke_near_Bikaner.jpg"
"Dilwara Temples Mount Abu","https://upload.wikimedia.org/wikipedia/commons/6/65/Dilwara_Temple%2C_Mount_Abu%2C_Rajasthan.jpg","https://upload.wikimedia.org/wikipedia/commons/3/33/1851_One_of_the_Jain_temples_in_Dilwara_Mount_Abu_Rajasthan.jpg","https://upload.wikimedia.org/wikipedia/commons/f/f4/Dilwara_temple_in_mount_abu.jpg","https://upload.wikimedia.org/wikipedia/commons/c/c5/Dilwara_temple_at_mount_abu.jpg"
"Ranakpur Jain Temple","https://upload.wikimedia.org/wikipedia/commons/0/0f/Jain_Temple_Ranakpur.jpg","https://upload.wikimedia.org/wikipedia/commons/c/ce/Ranakpur_Jain_Shwetamber_Temple.jpg","https://upload.wikimedia.org/wikipedia/commons/c/c3/Interior_of_Ranakpur_Jain_Temple%2C_Rajasthan.jpg","https://upload.wikimedia.org/wikipedia/commons/9/97/Pillars_of_Ranakpur_Jain_Temple_02.jpg"
"Galtaji Temple Jaipur","https://upload.wikimedia.org/wikipedia/commons/2/2c/Temple_at_the_top%2C_Galtaji%2C_Jaipur%2C_India.jpg","https://upload.wikimedia.org/wikipedia/commons/d/d2/Inside_the_temple_at_the_top%2C_Galtaji%2C_Jaipur%2C_India.jpg","https://upload.wikimedia.org/wikipedia/commons/4/4f/Zanana_Kund_Aur_Galta_Ji_Ka_Mandir_-_edited.jpg","https://upload.wikimedia.org/wikipedia/commons/5/58/Galtaji_in_Jaipur-9.jpg"
"Osian Temples Rajasthan","https://upload.wikimedia.org/wikipedia/commons/3/35/Osiya-temple_and_Architecture_47.jpg","https://upload.wikimedia.org/wikipedia/commons/1/11/Osian_Monuments.JPG","https://upload.wikimedia.org/wikipedia/commons/f/f3/Osiya-temple_and_Architecture_16.jpg","https://upload.wikimedia.org/wikipedia/commons/0/07/Osian%2C_temple_7_solar_%28Surya%3F%29._8th_century..jpg"
"Shri Mahavirji Temple Rajasthan","https://upload.wikimedia.org/wikipedia/commons/7/74/%E0%A4%B8%E0%A4%A4%E0%A5%80_%E0%A4%9A%E0%A4%82%E0%A4%A6%E0%A4%A8%E0%A4%AC%E0%A4%BE%E0%A4%B2%E0%A4%BE_%E0%A4%95%E0%A5%80_%E0%A4%95%E0%A4%B9%E0%A4%BE%E0%A4%A8%E0%A5%80_%E0%A5%A7.jpeg",null,null,null
"Adiyogi Shiva Temple Coimbatore","https://upload.wikimedia.org/wikipedia/commons/e/e3/-sivasambosankara.jpg",null,null,null
"Airavatesvara Temple Darasuram","https://upload.wikimedia.org/wikipedia/commons/a/a0/Darasuram%2C_Airavatesvara_Temple%2C_Mandapa_at_night_4%2C_India.jpg","https://upload.wikimedia.org/wikipedia/commons/e/e2/Darasuram%2C_Airavatesvara_Temple%2C_Entrance%2C_India.jpg","https://upload.wikimedia.org/wikipedia/commons/2/26/Darasuram%2C_Airavatesvara_Temple%2C_India.jpg","https://upload.wikimedia.org/wikipedia/commons/d/d2/Darasuram%2C_Airavatesvara_Temple%2C_Dusk%2C_India.jpg"
"Brihadeeswarar Temple Thanjavur","https://upload.wikimedia.org/wikipedia/commons/d/dd/Brihadisvara_Temple_during_Maha_Shivaratri-WUS03611_%28edit%29.jpg","https://upload.wikimedia.org/wikipedia/commons/5/5d/Brihadeeswarar_Temple_02.jpg","https://upload.wikimedia.org/wikipedia/commons/6/60/Brihadeeswarar_Temple_3409.jpg","https://upload.wikimedia.org/wikipedia/commons/1/1d/Brihadeeswarar_Temple_3407.jpg"
"Ekambareswarar Temple Kanchipuram","https://upload.wikimedia.org/wikipedia/commons/a/a6/Ekambareswarar_Temple_at_night_in_Kanchipuram_01.jpg","https://upload.wikimedia.org/wikipedia/commons/7/74/Ekambareswarar_Temple_at_night_in_Kanchipuram_02.jpg","https://upload.wikimedia.org/wikipedia/commons/8/89/Ekambareswarar_Temple_at_night_in_Kanchipuram_06.jpg","https://upload.wikimedia.org/wikipedia/commons/2/27/Ekambareswarar_Temple_at_night_in_Kanchipuram_04.jpg"
"Bhagavathy Amman Temple Tamil Nadu","https://upload.wikimedia.org/wikipedia/commons/5/59/The_Kanyakumari_temple.jpg","https://upload.wikimedia.org/wikipedia/commons/e/e1/Kanyakumari_Temple.jpg",null,null
"Linga Bhairavi Temple Coimbatore",null,null,null,null
"Meenakshi Temple Madurai","https://upload.wikimedia.org/wikipedia/commons/3/36/Sri_Meenakshi_Devasthanam_Temple_from_courtyard.jpg","https://upload.wikimedia.org/wikipedia/commons/a/a9/Sri_Meenakshi_Devasthanam_Temple_%28east-exposure%29.jpg","https://upload.wikimedia.org/wikipedia/commons/2/2f/Madurai%2C_India.jpg","https://upload.wikimedia.org/wikipedia/commons/0/05/Sri_Meenakshi_Devasthanam_Temple.jpg"
"Palani Murugan Temple","https://upload.wikimedia.org/wikipedia/commons/c/c4/Arulmigu_Dhandayuthapani_Swamy_Temple_in_Palany_hill.jpg","https://upload.wikimedia.org/wikipedia/commons/b/b4/Palani_Murugan_Hill_Temple.jpg","https://upload.wikimedia.org/wikipedia/commons/f/f7/Murugan_temple_front.jpg","https://upload.wikimedia.org/wikipedia/commons/4/4f/Palani_temple_%283%29.jpg"
"Rameswaram Temple","https://upload.wikimedia.org/wikipedia/commons/0/01/Rameswaram_harbour.jpg","https://upload.wikimedia.org/wikipedia/commons/b/b6/Ramanathaswamy_Temple_night_view.jpg","https://upload.wikimedia.org/wikipedia/commons/4/48/Rameswaram_coral_beach.jpg","https://upload.wikimedia.org/wikipedia/commons/8/84/Ramanathaswamy_temple7.JPG"
"Ranganathaswamy Temple Srirangam","https://upload.wikimedia.org/wikipedia/commons/8/83/Srirangam_temple_pic_by_SM_04.jpg","https://upload.wikimedia.org/wikipedia/commons/9/9d/Srirangam_temple_pic_by_SM_01.jpg","https://upload.wikimedia.org/wikipedia/commons/9/9e/Srirangam_temple_pic_by_SM_03.jpg","https://upload.wikimedia.org/wikipedia/commons/5/56/Srirangam_temple_pic_by_SM_02.jpg"
"Swarnakarshana Bhairavar Temple Tamil Nadu","https://upload.wikimedia.org/wikipedia/commons/0/07/%E0%AE%B8%E0%AF%8D%E0%AE%B5%E0%AE%B0%E0%AF%8D%E0%AE%A3%E0%AE%BE%E0%AE%95%E0%AE%B0%E0%AF%8D%E0%AE%B7%E0%AE%A3_%E0%AE%AA%E0%AF%88%E0%AE%B0%E0%AE%B5%E0%AE%B0%E0%AF%8D.jpg",null,null,null
"Thillai Nataraja Temple Chidambaram","https://upload.wikimedia.org/wikipedia/commons/4/47/Thillai_Nataraja_Temple_%28Chidambaram_Nataraja_Temple%29.jpg","https://upload.wikimedia.org/wikipedia/commons/4/44/Le_temple_de_Shiva_Nataraja_%28Chidambaram%2C_Inde%29_%2814037020332%29.jpg","https://upload.wikimedia.org/wikipedia/commons/8/87/Thillai_Nataraja_Temple%2C_Chidambaram_IMG-20190816-WA0008.jpg","https://upload.wikimedia.org/wikipedia/commons/e/e2/Sculpture_in_a_wall_at_Nataraja_Temple_in_Chidambaram%2C_Tamil_Nadu.jpg"
"Varadharaja Perumal Temple Kanchipuram","https://upload.wikimedia.org/wikipedia/commons/4/46/Varadharaja_Perumal_Temple_10.jpg","https://upload.wikimedia.org/wikipedia/commons/f/ff/Varadharaja_Perumal_Temple_11.jpg","https://upload.wikimedia.org/wikipedia/commons/e/e6/Varadharaja_Perumal_Temple_14.jpg","https://upload.wikimedia.org/wikipedia/commons/8/82/Varadharaja_Perumal_Temple_12.jpg"
"Kamakshi Amman Temple Kanchipuram","https://upload.wikimedia.org/wikipedia/commons/b/b0/Kamakshi_Amman_Temple_complex_and_main_building_at_Kanchipuram_28.jpg","https://upload.wikimedia.org/wikipedia/commons/f/f3/Kamakshi_Amman_Temple_complex_and_main_building_at_Kanchipuram_18.jpg","https://upload.wikimedia.org/wikipedia/commons/2/24/Kamakshi_Amman_Temple_complex_and_main_building_at_Kanchipuram_20.jpg","https://upload.wikimedia.org/wikipedia/commons/f/f5/Kamakshi_Amman_Temple_complex_and_main_building_at_Kanchipuram_22.jpg"
"Swamimalai Murugan Temple","https://upload.wikimedia.org/wikipedia/commons/9/96/Swamimalai_temple.jpg","https://upload.wikimedia.org/wikipedia/commons/2/21/Swamimalai_murugan_temple.jpg","https://upload.wikimedia.org/wikipedia/commons/7/77/Swamimalai_Murugan_Temple.jpg","https://upload.wikimedia.org/wikipedia/commons/b/b3/Swaminathan_Temple_-_Swamimalai_%283%29.jpg"
"Thiruchendur Murugan Temple","https://upload.wikimedia.org/wikipedia/commons/e/ea/Satellite_view_of_the_Tiruchendur_Subramaniya_Swamy_Temple.png","https://upload.wikimedia.org/wikipedia/commons/d/d6/Tiruchendur_murugan.jpg","https://upload.wikimedia.org/wikipedia/commons/b/bf/Arulmigu_Subramaniya_Swamy_Temple%2C_Tiruchendur.jpg","https://upload.wikimedia.org/wikipedia/commons/7/73/Thiruchendur_Sri_Subramaniya_Swamy_Temple_2014_%287%29.jpg"
"Thirupparamkunram Murugan Temple","https://upload.wikimedia.org/wikipedia/commons/7/73/Thiruparamkundram_%281%29.jpg","https://upload.wikimedia.org/wikipedia/commons/f/f9/Tirupparamkunram_Murugan_Temple.JPG","https://upload.wikimedia.org/wikipedia/commons/f/fd/Tirupparankundram_Murugam_Temple%2C_near_Madurai_%2816%29_%2836806378554%29.jpg","https://upload.wikimedia.org/wikipedia/commons/2/22/Thiruparamkundram_%2831%29.jpg"
"Thiruthani Murugan Temple","https://upload.wikimedia.org/wikipedia/commons/e/e2/Subramaniya_Swamy_Temple%2C_Tiruttani.jpg","https://upload.wikimedia.org/wikipedia/commons/1/1d/Thiruthani_Murugan_Temple_town_view.jpg","https://upload.wikimedia.org/wikipedia/commons/f/f1/Subramaniya_Swamy_Temple%2C_Tiruttani_-.jpg","https://upload.wikimedia.org/wikipedia/commons/a/ad/Tiruttani_Murugan_Temple.jpg"
"Pazhamudircholai Murugan Temple","https://upload.wikimedia.org/wikipedia/commons/3/3d/Pazhamudhircholai.jpg","https://upload.wikimedia.org/wikipedia/commons/8/8b/Pazhamudhircholai_Koil.jpg","https://upload.wikimedia.org/wikipedia/commons/d/dc/Pazhamuthir_solai_Murugan_1.JPG","https://upload.wikimedia.org/wikipedia/commons/a/ad/Solaimalai.jpg"
"Jambukeswarar Temple Thiruvanaikaval","https://upload.wikimedia.org/wikipedia/commons/7/7d/Jambukeswarar_Temple_surroundings%2C_Thiruvanaikaval_ttkcvrvb122k23pxl_%2827%29.jpg","https://upload.wikimedia.org/wikipedia/commons/1/14/Jambukeswarar_Temple_surroundings%2C_Thiruvanaikaval_ttkcvrvb122k23pxl_%282%29.jpg","https://upload.wikimedia.org/wikipedia/commons/9/9a/Jambukeswarar_Temple_surroundings%2C_Thiruvanaikaval_ttkcvrvb122k23pxl_%2815%29.jpg","https://upload.wikimedia.org/wikipedia/commons/c/c0/Jambukeswarar_Temple_surroundings%2C_Thiruvanaikaval_ttkcvrvb122k23pxl_%2816%29.jpg"
"Arunachaleswarar Temple Thiruvannamalai","https://upload.wikimedia.org/wikipedia/commons/0/09/Thiruvannamalai_Arunachaleswarar_Temple_Rajagopuram.jpg","https://upload.wikimedia.org/wikipedia/commons/8/86/Arulmigu_Arunachaleswarar_Temple%2C_Thiruvannamalai_%2842492949895%29.jpg","https://upload.wikimedia.org/wikipedia/commons/b/bc/%E0%AE%A4%E0%AE%BF%E0%AE%B0%E0%AF%81%E0%AE%B5%E0%AE%A3%E0%AF%8D%E0%AE%A3%E0%AE%BE%E0%AE%AE%E0%AE%B2%E0%AF%88_%E0%AE%95%E0%AF%8B%E0%AE%B5%E0%AE%BF%E0%AE%B2%E0%AF%8D.jpg",null
"Suryanar Kovil Tamil Nadu",null,null,null,null
"Kailasanathar Temple Kanchipuram","https://upload.wikimedia.org/wikipedia/commons/c/c2/Kanchi_Kailasanathar_Temple_at_Kanchipuram%2C_Tamil_Nadu_01.jpg","https://upload.wikimedia.org/wikipedia/commons/3/32/Kailasanathar_Temple._Kanchipuram%2C_TamilNadu.jpg","https://upload.wikimedia.org/wikipedia/commons/6/6e/Kailasanathar_temple%2C_Kanchipuram_%286%29.jpg","https://upload.wikimedia.org/wikipedia/commons/e/e3/Kailasanathar_temple%2C_Kanchipuram_%2811%29.jpg"
"Vaitheeswaran Koil Tamil Nadu","https://upload.wikimedia.org/wikipedia/commons/0/0f/Vaitheeswaran_temple_panorama_%282%29.jpg","https://upload.wikimedia.org/wikipedia/commons/8/80/Vaitheeswaran_temple_panorama_%283%29.jpg","https://upload.wikimedia.org/wikipedia/commons/b/b7/Vaitheeswaran_temple_under_construction_02.jpg","https://upload.wikimedia.org/wikipedia/commons/e/ec/Vaitheeswaran_temple_panorama_%281%29.jpg"
"Swetharanyeswarar Temple Thiruvenkadu","https://upload.wikimedia.org/wikipedia/commons/9/95/Swetharanyeswarar_Temple2.jpg","https://upload.wikimedia.org/wikipedia/commons/b/bf/Swetharanyeswarar_Temple1.jpg","https://upload.wikimedia.org/wikipedia/commons/7/70/Swetharanyeswarar_Temple3.jpg","https://upload.wikimedia.org/wikipedia/commons/a/a2/Thiruvenkadu_temple.jpg"
"Apatsahayesvarar Temple Thiruveezhimizhalai",null,null,null,null
"Agniswarar Temple Kanjanur","https://upload.wikimedia.org/wikipedia/commons/9/93/Kanjanur_Sukkiran_Temple.jpg",null,null,null
"Dharbaranyeswarar Temple Sirkazhi",null,null,null,null
"Naganathar Temple Sirkazhi",null,null,null,null
"Naganathaswamy Temple Kumbakonam","https://upload.wikimedia.org/wikipedia/commons/3/38/Sri_Naganathaswamy_Temple_-_Thirunageswaram.JPG",null,null,null
"Kapaleeshwarar Temple Chennai","https://upload.wikimedia.org/wikipedia/commons/6/6f/Chennai_Kapaleeshwarar_Temple.jpg","https://upload.wikimedia.org/wikipedia/commons/3/3a/Pilgrims_taking_offerings_to_festival_from_Kapaleeshwarar_Temple%2C_Chennai._2010.jpg","https://upload.wikimedia.org/wikipedia/commons/f/f3/Kapaleeshwarar_Temple._Chennai._2010.jpg","https://upload.wikimedia.org/wikipedia/commons/8/84/A_Old_House_at_Kapaleeshwarar_Temple_East_Tank_Street.jpg"
"Parthasarathy Temple Chennai","https://upload.wikimedia.org/wikipedia/commons/7/74/Parthasarathy-Temple-Triplicane-Chennai-7.JPG","https://upload.wikimedia.org/wikipedia/commons/d/d4/Parthasarathy-Temple-Triplicane-Chennai-1.JPG","https://upload.wikimedia.org/wikipedia/commons/0/06/Parthasarathy-Temple-Triplicane-Chennai-2.JPG","https://upload.wikimedia.org/wikipedia/commons/4/4d/Parthasarathy-Temple-Triplicane-Chennai-4.JPG"
"Sripuram Golden Temple Vellore","https://upload.wikimedia.org/wikipedia/commons/9/9e/Golden_Temple%2C_Vellore%2C_India.jpg","https://upload.wikimedia.org/wikipedia/commons/6/69/Sripuram_Temple_Full_View.jpg","https://upload.wikimedia.org/wikipedia/commons/8/8a/Lakshmi_Narayani_temple%2C_Sripuram_%283976671366%29.jpg","https://upload.wikimedia.org/wikipedia/commons/f/f3/Lakshmi_Narayani_temple%2C_Sripuram_%283976674378%29.jpg"
"Samayapuram Mariamman Temple","https://upload.wikimedia.org/wikipedia/commons/1/16/Temple_tower_of_Samayapuram_Mariamman.jpg","https://upload.wikimedia.org/wikipedia/commons/a/a5/Samayapuram_Mariamman_Temple.jpg","https://upload.wikimedia.org/wikipedia/commons/2/22/Samayapuram_Mariamman.jpg","https://upload.wikimedia.org/wikipedia/commons/9/98/Samayapuram_Mariyamman_Temple_Entrance-1.jpg"
"Vadapalani Andavar Temple Chennai","https://upload.wikimedia.org/wikipedia/commons/9/9e/Gopuram_of_Vadapalani_Andavar_Temple%2C_Chennai%2C_2024.jpg","https://upload.wikimedia.org/wikipedia/commons/8/8c/Vadapalani_Temple_2.JPG","https://upload.wikimedia.org/wikipedia/commons/6/66/Vadapalani_murugan_temple_tank.jpg","https://upload.wikimedia.org/wikipedia/commons/9/9b/Sri_Dhandayudhapani_temple%2C_Vadapalani_%2C_Chennai.jpg"
"Suchindram Thanumalayan Temple","https://upload.wikimedia.org/wikipedia/commons/c/c2/Suchindram_Thanumalayan_Temple_2014_%2830%29.jpg","https://upload.wikimedia.org/wikipedia/commons/a/a0/Suchindram_Thanumalayan_Temple_2014_%2837%29.jpg","https://upload.wikimedia.org/wikipedia/commons/6/67/Suchindram_Thanumalayan_Temple_2014_%2823%29.jpg","https://upload.wikimedia.org/wikipedia/commons/e/e6/Suchindram_Thanumalayan_Temple_2014_%2831%29.jpg"
"Srivilliputhur Andal Temple","https://upload.wikimedia.org/wikipedia/commons/e/ed/Srivilliputhur_Andal_temple_%2832%29.jpg","https://upload.wikimedia.org/wikipedia/commons/f/f7/Srivilliputhur_Andal_temple_%2835%29.jpg","https://upload.wikimedia.org/wikipedia/commons/f/f3/Srivilliputhur_Andal_temple_%2820%29.jpg","https://upload.wikimedia.org/wikipedia/commons/d/d7/Srivilliputhur_Andal_temple_%2837%29.jpg"
"Kanchi Kailasanathar Temple","https://upload.wikimedia.org/wikipedia/commons/c/c2/Kanchi_Kailasanathar_Temple_at_Kanchipuram%2C_Tamil_Nadu_01.jpg","https://upload.wikimedia.org/wikipedia/commons/b/bf/Kanchi_Kailasanathar_Temple_at_Kanchipuram%2C_Namil_Nadu_14.jpg","https://upload.wikimedia.org/wikipedia/commons/4/4a/Kanchi_Kailasanathar_Temple_at_Kanchipuram%2C_Namil_Nadu_17.jpg","https://upload.wikimedia.org/wikipedia/commons/9/98/Kanchi_Kailasanathar_Temple_at_Kanchipuram%2C_Namil_Nadu_13.jpg"
"Uchi Pillayar Temple Tiruchirappalli","https://upload.wikimedia.org/wikipedia/commons/9/9b/Uchi_Pillayaar_view_from_East.jpg","https://upload.wikimedia.org/wikipedia/commons/f/f9/Cloudy_Rockfort_Temple.jpg",null,null
"Namakkal Anjaneyar Temple","https://upload.wikimedia.org/wikipedia/commons/f/fd/Anjaneyar_Temple%2C_Namakkal.jpg","https://upload.wikimedia.org/wikipedia/commons/a/a6/Namakkal_Anjaneyar.jpg","https://upload.wikimedia.org/wikipedia/commons/4/42/Namakkal_Anjaneyar_Temple.jpg","https://upload.wikimedia.org/wikipedia/commons/2/24/Namakkal%2C_Anjaneyar_Templa.jpg"
"Alampur Jogulamba Temple Telangana","https://upload.wikimedia.org/wikipedia/commons/6/63/Sri_Jogulamba_Balabrahmendra_Swamy_Devasthanam%2C_Alampur%2C_Telangana_10.jpg","https://upload.wikimedia.org/wikipedia/commons/0/07/Sri_Jogulamba_Balabrahmendra_Swamy_Devasthanam%2C_Alampur%2C_Telangana_04.jpg","https://upload.wikimedia.org/wikipedia/commons/9/98/Sri_Jogulamba_Balabrahmendra_Swamy_Devasthanam_3%2C_Alampur%2C_Telangana_07.jpg","https://upload.wikimedia.org/wikipedia/commons/8/84/Sri_Jogulamba_Balabrahmendra_Swamy_Devasthanam%2C_Alampur%2C_Telangana_07.jpg"
"Birla Mandir Hyderabad","https://upload.wikimedia.org/wikipedia/commons/b/bc/Birla_Mandir_in_Hyderabad%2C_2015.JPG","https://upload.wikimedia.org/wikipedia/commons/b/b5/Diety_Statue_at_Birla_Mandir%2C_Hyderabad_%28Oct_2025%29.jpg","https://upload.wikimedia.org/wikipedia/commons/9/9e/Birla_mandir_jaipur.JPG","https://upload.wikimedia.org/wikipedia/commons/f/f5/Birla_Mandir%2C_Hyderabad%2C_India.JPG"
"Chilkur Balaji Temple","https://upload.wikimedia.org/wikipedia/commons/d/de/Gopuram_at_Chilkur_Temple1.jpg","https://upload.wikimedia.org/wikipedia/commons/c/cf/Balaji_temple%2C_chilkoor.jpg","https://upload.wikimedia.org/wikipedia/commons/d/d9/Chilkoor_Balaji_Temple_Gate.png","https://upload.wikimedia.org/wikipedia/commons/2/21/Chilukuru_temple.jpg"
"Kotilingala Temple Telangana",null,null,null,null
"Sita Ramachandraswamy Temple Bhadrachalam","https://upload.wikimedia.org/wikipedia/commons/c/cb/A_view_of_Sree_Seetha_Ramachandraswamy_temple_from_a_nearby_hotel.jpg","https://upload.wikimedia.org/wikipedia/commons/1/14/Bhadrachalam_temple_04122016.jpg","https://upload.wikimedia.org/wikipedia/commons/7/72/Bhadrachalam_temple_View_from_Lord_Narasimha_Temple_in_2015_%28cropped%29.JPG","https://upload.wikimedia.org/wikipedia/commons/0/07/Sri_sita_rama_temple_bhadrachalam_temple_view_top.jpg"
"Sri Lakshmi Narasimha Swamy Temple Yadagirigutta","https://upload.wikimedia.org/wikipedia/commons/d/d7/Yadagirigutta_temple_main_Gopuram.jpg","https://upload.wikimedia.org/wikipedia/commons/b/b8/Yadagirigutta_temple_steps_entrance.jpg","https://upload.wikimedia.org/wikipedia/commons/7/7b/Sri_Lakshminarasimha_Swamy_Temple_Yadagirigutta_Yadadri_Telangana_10.jpg","https://upload.wikimedia.org/wikipedia/commons/5/50/Sri_Lakshminarasimha_Swamy_Temple_Yadagirigutta_Yadadri_Telangana_09.jpg"
"Sri Peddamma Thalli Temple Hyderabad","https://upload.wikimedia.org/wikipedia/commons/1/18/Peddamma_temple_-_Hyderabad.jpg","https://upload.wikimedia.org/wikipedia/commons/8/87/Peddamma_Temple_Gopuram_%2C_Jubilee_Hills%2C_Hyderabad.jpg","https://upload.wikimedia.org/wikipedia/commons/5/5a/Peddamma_temple_-_Jubilee_Hills.jpg","https://upload.wikimedia.org/wikipedia/commons/0/05/Peddamma_Gudi_Bus_Stop.jpg"
"Sri Punyalingeswara Swamy Temple",null,null,null,null
"Bhadrakali Temple Warangal","https://upload.wikimedia.org/wikipedia/commons/4/44/Bhadrakali_Temple%2C_Warangal.jpg","https://upload.wikimedia.org/wikipedia/commons/7/7c/1_Bhadrakali_Cheruvu%2C_Warangal_2.jpg","https://upload.wikimedia.org/wikipedia/commons/c/c3/4_Bhadrakali_Cheruvu%2C_Warangal.jpg","https://upload.wikimedia.org/wikipedia/commons/7/75/5_Bhadrakali_Cheruvu%2C_Warangal.jpg"
"Ramappa Temple Warangal","https://upload.wikimedia.org/wikipedia/commons/7/7d/Nandi_seeing_the_Ramappa_Temple%2C_Warangal.jpg","https://upload.wikimedia.org/wikipedia/commons/9/92/Ramappa_Temple_-Palampet_Warangal_-Telangana_-N-AP-130.jpg","https://upload.wikimedia.org/wikipedia/commons/7/73/A_view_of_Ramappa_Temple_01_cropped.jpg","https://upload.wikimedia.org/wikipedia/commons/9/90/Warangal_ramappa_temple.jpg"
"Thousand Pillar Temple Warangal","https://upload.wikimedia.org/wikipedia/commons/c/c8/Nandi_Thousand_Pillar_Temple.jpg","https://upload.wikimedia.org/wikipedia/commons/8/8f/Reliefs_and_sculptures_at_the_Thousand_Pillar_Temple%2C_Warangal_11.jpg","https://upload.wikimedia.org/wikipedia/commons/1/14/Thousand_Pillar_Temple_at_Hanamakonda_near_Warangal_29.jpg","https://upload.wikimedia.org/wikipedia/commons/8/8d/Thousand_Pillar_Temple_at_Hanamakonda_near_Warangal_37.jpg"
"Gnana Saraswati Temple Basar","https://upload.wikimedia.org/wikipedia/commons/c/ce/Goddess_of_Knowledge_Saraswati_Gnana_Temple_Basar_India.jpg","https://upload.wikimedia.org/wikipedia/commons/8/89/Basar_Temple_view_02.jpg","https://upload.wikimedia.org/wikipedia/commons/b/b7/Goddess_Saraswati_beside_Godavari_river.jpg",null
"Karmanghat Hanuman Temple Hyderabad","https://upload.wikimedia.org/wikipedia/commons/0/05/Karmanghat_Hanuman_Temple%2C_Hyderabad.jpg","https://upload.wikimedia.org/wikipedia/commons/0/0b/Hanuman_Temple_at_Karmanghat%2C_Hyderabad.jpg","https://upload.wikimedia.org/wikipedia/commons/a/a4/Karmanghat_Hanuman_Temple_Gopuram_View_01.jpg","https://upload.wikimedia.org/wikipedia/commons/6/66/Karmanghat_Hanuman_Temple_%2CHyderabad.jpg"
"Mata Tripura Sundari Temple Tripura","https://upload.wikimedia.org/wikipedia/commons/d/dc/Prime_Minister_of_Bharat%2C_Shri_Narendra_Damodardas_Modi_at_Mata_Tripura_Sundari_Temple.jpg","https://upload.wikimedia.org/wikipedia/commons/c/cf/Prime_Minister_of_Bharat%2C_Shri_Narendra_Damodardas_Modi_prays_at_Mata_Tripura_Sundari_Temple.jpg","https://upload.wikimedia.org/wikipedia/commons/e/ee/Prime_Minister_of_Bharat%2C_Shri_Narendra_Damodardas_Modi_praying_at_Mata_Tripura_Sundari_Temple.jpg","https://upload.wikimedia.org/wikipedia/commons/0/03/Prime_Minister_of_Bharat%2C_Shri_Narendra_Damodardas_Modi_performing_pooja_at_Mata_Tripura_Sundari_Temple.jpg"
"Banke Bihari Temple Vrindavan","https://upload.wikimedia.org/wikipedia/commons/5/55/Banke-Bihari-Mandir-Vrindavan.jpg","https://upload.wikimedia.org/wikipedia/commons/e/e3/Banke_Bihari_Vrindavan.jpg","https://upload.wikimedia.org/wikipedia/commons/3/3e/Monkeys_near_Banke_Bihari_Temple%2C_Vrindavan%2C_Mathura%2C_Agra%2C_Uttar_Pradesh%2C_India_%282010%29.jpg","https://upload.wikimedia.org/wikipedia/commons/0/0d/Banke_Bihari_Temple%2C_Vrindavan%2C_Mathura%2C_Uttar_Pradesh%2C_India_%282010%29.jpg"
"Bhitargaon Brick Temple Kanpur","https://upload.wikimedia.org/wikipedia/commons/3/32/Brick_temple_Bhitargaon_Kanpur.jpg","https://upload.wikimedia.org/wikipedia/commons/b/be/5th_century_Gupta_era_Hindu_temple%2C_Bhitargaon%2C_Kanpur_district_Uttar_Pradesh.jpg","https://upload.wikimedia.org/wikipedia/commons/0/01/Ancient_brick_temple_kanpur.jpg","https://upload.wikimedia.org/wikipedia/commons/f/f7/Gupt_kalin_mandir_bhitargaon_%28cropped%29.jpg"
"Gokul Chaurasi Khamba Mathura",null,null,null,null
"Guptar Ghat Ayodhya","https://upload.wikimedia.org/wikipedia/commons/b/ba/Guptar_ghat_sharau_river_ayodhya_utter_pradesh.jpg","https://upload.wikimedia.org/wikipedia/commons/8/89/The_temple_complex_at_Guptar_Ghat.jpg","https://upload.wikimedia.org/wikipedia/commons/6/62/Guptar_Ghat.jpg","https://upload.wikimedia.org/wikipedia/commons/7/7b/River_Saryu%2C_Guptar_Ghat.jpg"
"Hanuman Garhi Temple Ayodhya","https://upload.wikimedia.org/wikipedia/commons/4/42/Hanuman_Garhi_Temple-20.jpg","https://upload.wikimedia.org/wikipedia/commons/f/fd/Hanuman_Garhi_Temple-26.jpg","https://upload.wikimedia.org/wikipedia/commons/f/fc/Hanuman_Garhi_Temple-28.jpg","https://upload.wikimedia.org/wikipedia/commons/a/a8/Hanuman_Garhi_Temple-30.jpg"
"Kanak Bhawan Ayodhya","https://upload.wikimedia.org/wikipedia/commons/6/6f/Kanak_Bhawan%2C_Ayodhya_India.jpg","https://upload.wikimedia.org/wikipedia/commons/3/30/Kanak_bhawan_Ayodhya.jpg","https://upload.wikimedia.org/wikipedia/commons/3/31/Kanak_Bhawan.jpg","https://upload.wikimedia.org/wikipedia/commons/2/20/Idols_of_Prabhu_Shri_Rama_and_Sita_Mata%2C_Kanak_Bhavan%2C_Ayodhya%2C_Faizabad%2C_U.P.%2C_India.JPG"
"Kashi Vishwanath Temple Varanasi","https://upload.wikimedia.org/wikipedia/commons/e/ec/Shri_Kashi_Vishwanath_Temple_2.jpg","https://upload.wikimedia.org/wikipedia/commons/5/5c/Shri_Kashi_Vishwanath_Temple_7.jpg","https://upload.wikimedia.org/wikipedia/commons/2/2d/Shri_Kashi_Vishwanath_Temple_5.jpg","https://upload.wikimedia.org/wikipedia/commons/8/80/Shri_Kashi_Vishwanath_Temple_3.jpg"
"Madan Mohan Temple Vrindavan","https://upload.wikimedia.org/wikipedia/commons/a/a8/MadanMohanmandir.jpg","https://upload.wikimedia.org/wikipedia/commons/1/1f/Madan_Mohan_temple%2C_on_the_Yamuna%2C_Vrindavan%2C_1789.jpg","https://upload.wikimedia.org/wikipedia/commons/4/4f/%2A%22Madan_Mohan_Temple%2C_Brindaban%2C%22_an_early_postcard%2A.jpg","https://upload.wikimedia.org/wikipedia/commons/d/d6/Radha_Madan_Mohan_Temple%2C_Vrindavan%2C_India_-_DPLA_-_59fc522bab852175b9c7d75328d03045.jpg"
"Nageshwarnath Temple Ayodhya","https://upload.wikimedia.org/wikipedia/commons/a/a1/Nageshwarnath_Temple.png",null,null,null
"Nand Bhavan Temple Nandgaon","https://upload.wikimedia.org/wikipedia/commons/f/f3/Lathmar_Holi_2022_in_Nandgaon%2C_Uttar_Pradesh_%28edited%29.jpg","https://upload.wikimedia.org/wikipedia/commons/4/4b/Lathmar_Holi_2022_in_Nandgaon%2C_Uttar_Pradesh.jpg","https://upload.wikimedia.org/wikipedia/commons/e/e4/Riot_of_Colors.jpg","https://upload.wikimedia.org/wikipedia/commons/5/56/Color_Madness.jpg"
"Prem Mandir Vrindavan","https://upload.wikimedia.org/wikipedia/commons/0/0f/Vrindavan_Prem_Mandir_4.jpg","https://upload.wikimedia.org/wikipedia/commons/1/18/Vrindavan_Prem_Mandir.jpg","https://upload.wikimedia.org/wikipedia/commons/b/be/Prem_mandir_Vrindavan_Main_gate.JPG","https://upload.wikimedia.org/wikipedia/commons/f/fc/Prem_Mandir_Vrindavan_IMG_20210731_201217.jpg"
"Radha Raman Temple Vrindavan","https://upload.wikimedia.org/wikipedia/commons/a/a4/Entrance_Radha_Raman_Temple%2C_Vrindavan.jpg","https://upload.wikimedia.org/wikipedia/commons/c/ce/Radha_Raman_Temple_2.jpg","https://upload.wikimedia.org/wikipedia/commons/9/97/Radha_Raman_Temple.jpg","https://upload.wikimedia.org/wikipedia/commons/e/ec/Chhote_Radha_Raman_Deities_Shahji_Temple_Vrindavan.jpg"
"Ram Mandir Ayodhya","https://upload.wikimedia.org/wikipedia/commons/d/d1/Ram_Janmbhoomi_Mandir%2C_Ayodhya_Dham.jpg","https://upload.wikimedia.org/wikipedia/commons/7/70/Ram_Mandir%2C_Ayodhya.png","https://upload.wikimedia.org/wikipedia/commons/d/df/Ayodhya_Ram_Mandir_Inauguration_Day_Picture.jpg","https://upload.wikimedia.org/wikipedia/commons/3/31/Pran_Pratishtha_ceremony_of_Shree_Ram_Janmaboomi_Temple_in_Ayodhya%2C_Uttar_Pradesh_on_January_22%2C_2024.jpg"
"Rangji Temple Vrindavan","https://upload.wikimedia.org/wikipedia/commons/b/b7/Interior_view_of_Sri_Rangji_Temple_Vrindavan_showing_sanctum_and_chandelier.jpg","https://upload.wikimedia.org/wikipedia/commons/1/1b/Corridor_of_Shri_Rangji_Temple%2C_Vrindavan.jpg","https://upload.wikimedia.org/wikipedia/commons/d/d6/Dravidian_style_architecture_at_Rangji_Temple%2C_Vrindavan.jpg","https://upload.wikimedia.org/wikipedia/commons/6/64/Sri_Rangji_Mandir_Vrindavan_Gopuram.jpg"
"Shahji Temple Vrindavan","https://upload.wikimedia.org/wikipedia/commons/5/52/Shahji_temple_Vrindavan_08.jpg","https://upload.wikimedia.org/wikipedia/commons/7/79/Shahji_temple_Vrindavan_16.jpg","https://upload.wikimedia.org/wikipedia/commons/6/61/Shahji_temple_Vrindavan_13.jpg","https://upload.wikimedia.org/wikipedia/commons/3/3d/Shahji_temple_Vrindavan_14.jpg"
"Shree Krishna Janmabhoomi Mathura",null,null,null,null
"Shri Radha Rani Temple Barsana","https://upload.wikimedia.org/wikipedia/commons/7/7a/Shri_Radha_Rani_Temple_Barsana_-_panoramio.jpg","https://upload.wikimedia.org/wikipedia/commons/6/65/Kirti_Mandir%2C_Barsana.jpg","https://upload.wikimedia.org/wikipedia/commons/f/f3/Lathmar_Holi_2022_in_Nandgaon%2C_Uttar_Pradesh_%28edited%29.jpg","https://upload.wikimedia.org/wikipedia/commons/4/4b/Lathmar_Holi_2022_in_Nandgaon%2C_Uttar_Pradesh.jpg"
"Vindhyachal Temple Mirzapur",null,null,null,null
"Vishalakshi Temple Varanasi",null,null,null,null
"Sankat Mochan Hanuman Temple Varanasi","https://upload.wikimedia.org/wikipedia/commons/2/24/Sankat_Mochan_temple_entrance%2C_Varanasi_-_IRCTC_2017_%281%29.jpg","https://upload.wikimedia.org/wikipedia/commons/6/63/Sankat_Mochan_temple_entrance%2C_Varanasi_-_IRCTC_2017.jpg","https://upload.wikimedia.org/wikipedia/commons/e/ed/Sankat_Mochan_Temple_in_Varanasi_%288527226316%29.jpg","https://upload.wikimedia.org/wikipedia/commons/e/e7/Sankat_Mochan_temple_entrance%2C_Varanasi_-_IRCTC_2017_%282%29.jpg"
"Annapurna Devi Temple Varanasi","https://upload.wikimedia.org/wikipedia/commons/a/ad/Prime_Minister_of_Bharat%2C_Shri_Narendra_Damodardas_Modi_performs_darshan_and_pooja_at_Shree_Annapurna_Devi_temple.jpg","https://upload.wikimedia.org/wikipedia/commons/3/37/Birbhum_Pilgrimage-Bahira_Kaalima%2C_Maa_Nimbabasini.jpg",null,null
"Kaal Bhairav Temple Varanasi","https://upload.wikimedia.org/wikipedia/commons/9/9e/Kaal_Bhairab%2C_Kathmandu%2C_Nepal.jpg","https://upload.wikimedia.org/wikipedia/commons/3/3d/Kashi-gyanvapi_%281%29.jpg","https://upload.wikimedia.org/wikipedia/commons/e/e2/Bhairava_Brahma.jpg",null
"Gorakhnath Temple Gorakhpur","https://upload.wikimedia.org/wikipedia/commons/4/41/Gorakhnath_Temple_fountain.jpg","https://upload.wikimedia.org/wikipedia/commons/2/24/Gorakhnath_Temple_fare_2.jpg","https://upload.wikimedia.org/wikipedia/commons/7/71/The_Prime_Minister%2C_Shri_Narendra_Modi_at_Gorakhnath_Mandir%2C_in_Gorakhpur%2C_Uttar_Pradesh_on_July_22%2C_2016.jpg","https://upload.wikimedia.org/wikipedia/commons/1/16/The_Prime_Minister%2C_Shri_Narendra_Modi_releasing_a_memoir_on_Mahant_Avaidyanath_ji%2C_at_Gorakhnath_Mandir%2C_in_Gorakhpur%2C_Uttar_Pradesh_on_July_22%2C_2016.jpg"
"Tulsi Manas Mandir Varanasi","https://upload.wikimedia.org/wikipedia/commons/0/0d/Manas_Mandir.jpg","https://upload.wikimedia.org/wikipedia/commons/e/ef/Varanasi_07_-_Tulsi_Manas_mandir_%2824424161768%29.jpg","https://upload.wikimedia.org/wikipedia/commons/7/7e/Varanasi_07_-_Tulsi_Manas_mandir_%2838240380666%29.jpg","https://upload.wikimedia.org/wikipedia/commons/a/aa/Varanasi_13_-_figurines_in_Tulsi_Manas_mandir_%2824321153428%29.jpg"
"Sarnath Mulagandhakuti Vihara","https://upload.wikimedia.org/wikipedia/commons/9/92/Buddha_at_Mulagandhakuti_Vihara%2C_Sarnath.jpg","https://upload.wikimedia.org/wikipedia/commons/3/37/2_Sarnath_Buddhism_Mulagandhakuti_Vihara%2C_temple_bouddhiste_S%C3%A2rn%C3%A2th_Varanasi_India_2013.jpg","https://upload.wikimedia.org/wikipedia/commons/5/55/1_Sarnath_Temple_Buddhism_Le_Mulagandhakuti_Vih%C4%81ra_S%C3%A2rn%C3%A2th_Varanasi_India_2013.jpg","https://upload.wikimedia.org/wikipedia/commons/4/49/A_Buddhist_temple_at_Sarnath.jpg"
"Bateshwar Nath Temple Agra","https://upload.wikimedia.org/wikipedia/commons/b/bb/BATESHWAR_NATH_JI.jpg","https://upload.wikimedia.org/wikipedia/commons/e/e3/UP_monuments_and_temples.jpg","https://upload.wikimedia.org/wikipedia/commons/f/f5/GOURI_SHANKAR_TEMPLE_BATESHWAR.jpg","https://upload.wikimedia.org/wikipedia/commons/c/c9/Bateshwar_Temples.jpg"
"JK Temple Kanpur","https://upload.wikimedia.org/wikipedia/commons/2/20/JK_TEMPLE_of_Kanpur.jpg","https://upload.wikimedia.org/wikipedia/commons/7/7d/J.K._Temple.jpg","https://upload.wikimedia.org/wikipedia/commons/e/e4/JK_Temple_2.jpg","https://upload.wikimedia.org/wikipedia/commons/d/d2/J.K_Temple%2CKanpur%2CU.P.jpg"
"Badrinath Temple Uttarakhand","https://upload.wikimedia.org/wikipedia/commons/2/25/Badrinath_Temple%2C_Uttarakhand_%28Photo-_Vishwanath_Negi%29.jpg","https://upload.wikimedia.org/wikipedia/commons/3/36/Badrinath_temple_-_Uttarakhand_1.jpg","https://upload.wikimedia.org/wikipedia/commons/c/cb/Badrinath_temple_-_Uttarakhand_2.jpg","https://upload.wikimedia.org/wikipedia/commons/2/2c/Devotees_at_the_Badrinath_Temple_in_Uttarakhand%2C_India.jpg"
"Gangotri Temple Uttarakhand","https://upload.wikimedia.org/wikipedia/commons/1/15/Gangotri_temple_in_Uttarakhand..jpg","https://upload.wikimedia.org/wikipedia/commons/2/20/Gangotri_Temple_backside_WTK20150915-IMG_0509.jpg","https://upload.wikimedia.org/wikipedia/commons/5/50/Gangotri_temple_backside_WTK20150915-IMG_0508.jpg","https://upload.wikimedia.org/wikipedia/commons/7/73/Shrines_of_Goddess_Ganga_-_Gangotri_Temple_Uttarakhand_Uttarkashi_District.jpg"
"Kedarnath Temple Uttarakhand","https://upload.wikimedia.org/wikipedia/commons/4/49/Kedarnath_Temple_in_Uttarakhand%2C_India%2C_by_Yogabrata_Chakraborty.jpg","https://upload.wikimedia.org/wikipedia/commons/0/0b/Kedarnath_Temple_in_Uttarakhand%2C_India%2C_photo_by_Yogabrata_Chakraborty.jpg","https://upload.wikimedia.org/wikipedia/commons/9/90/A_map_showing_the_Panch_Kedar_Hindu_Tirtha_sites%2C_Uttarakhand_India.jpg","https://upload.wikimedia.org/wikipedia/commons/d/d3/Kedarnath_temple_Uttarakhand.jpg"
"Neelkanth Mahadev Temple Rishikesh","https://upload.wikimedia.org/wikipedia/commons/7/7d/NeelKanth_Mahadev_Temple.JPG","https://upload.wikimedia.org/wikipedia/commons/a/a0/Neelkanth_mahadev_mandir.jpg","https://upload.wikimedia.org/wikipedia/commons/3/33/Historic_heritage_sites_of_Rajasthan_with_GPS_coordinates.jpg",null
"Yamunotri Temple Uttarakhand","https://upload.wikimedia.org/wikipedia/commons/8/88/Yamunotri_temple_and_ashram.jpg","https://upload.wikimedia.org/wikipedia/commons/b/b8/Yamunotri_Temple.jpg","https://upload.wikimedia.org/wikipedia/commons/6/6b/Yamunotri_Temple_-_panoramio.jpg","https://upload.wikimedia.org/wikipedia/commons/7/7e/Yamunotri_temple_under_the_glacier.jpg"
"Mansa Devi Temple Haridwar","https://upload.wikimedia.org/wikipedia/commons/3/31/Mansa_Devi_Temple%2C_Haridwar.JPG","https://upload.wikimedia.org/wikipedia/commons/e/eb/Mansa_Devi_Temple%2C_Haridwar_06.jpg","https://upload.wikimedia.org/wikipedia/commons/2/27/Mansa_Devi_Temple%2C_Haridwar_12.jpg","https://upload.wikimedia.org/wikipedia/commons/6/64/Mansa_Devi_Temple%2C_Haridwar_10.jpg"
"Chandi Devi Temple Haridwar","https://upload.wikimedia.org/wikipedia/commons/3/3b/Chandi_Devi_Mandir%2CHaridwar.JPG","https://upload.wikimedia.org/wikipedia/commons/8/8a/Chandidevi_temple2.JPG","https://upload.wikimedia.org/wikipedia/commons/6/65/Trisula_%28trident%29_from_Chandi_Pahar%2C_opposite_Haridwar._April_1814.jpg","https://upload.wikimedia.org/wikipedia/commons/8/83/Ropeway_to_Chandi_Devi_Temple%2C_Haridwar.jpg"
"Maya Devi Temple Haridwar","https://upload.wikimedia.org/wikipedia/commons/d/da/Maya_Devi_Temple%2C_Haridwar%283%29.JPG","https://upload.wikimedia.org/wikipedia/commons/1/1e/Maya_Devi_Temple%2C_Haridwar.JPG","https://upload.wikimedia.org/wikipedia/commons/5/52/Entrance_to_Mayadevi_temple%2C_Haridwar.JPG",null
"Jageshwar Dham Almora","https://upload.wikimedia.org/wikipedia/commons/6/62/Jageshwar_dham-almora-uttarakhand_%282%29.jpg","https://upload.wikimedia.org/wikipedia/commons/f/f7/Jageshwar_dham-almora-uttarakhand_%281%29-dsc002.jpg","https://upload.wikimedia.org/wikipedia/commons/6/6f/Jageshwar_Dham_Temple%2C_Almora_56.jpg","https://upload.wikimedia.org/wikipedia/commons/2/2f/Jageshwar_Dham_Temple%2C_Almora_06.jpg"
"Dhari Devi Temple Uttarakhand","https://upload.wikimedia.org/wikipedia/commons/b/bc/View_of_Dhari_Devi_Temple%2C_Uttarakhand%2C_India-March_2026.jpg","https://upload.wikimedia.org/wikipedia/commons/1/1a/Maa_Dhari_Devi_Temple_Situated_at_Ganga_River_in_Srinagar%2C_Uttarakhand_India.jpg","https://upload.wikimedia.org/wikipedia/commons/4/4b/Maa_Dhari_Devi_Temple_Situated_at_Ganga_River_in_Srinagar%2C_Uttarakhand.jpg","https://upload.wikimedia.org/wikipedia/commons/5/5c/Dhari_Devi.jpg"
"Tungnath Temple Uttarakhand","https://upload.wikimedia.org/wikipedia/commons/9/99/Tungnath_temple_%2C_dehradun%2C_uttarakhand.jpg","https://upload.wikimedia.org/wikipedia/commons/0/0f/Chandrashila_tungnath.jpg","https://upload.wikimedia.org/wikipedia/commons/6/64/Tungnath_Uttarakhand.jpg","https://upload.wikimedia.org/wikipedia/commons/9/90/A_map_showing_the_Panch_Kedar_Hindu_Tirtha_sites%2C_Uttarakhand_India.jpg"
"Belur Math Howrah West Bengal","https://upload.wikimedia.org/wikipedia/commons/9/94/Front_view_of_the_Belur_Math_temple_in_Belur_Math%2C_Howrah%2C_West_Bengal.jpg","https://upload.wikimedia.org/wikipedia/commons/c/c2/Belur_Math%2C_Howrah_05.jpg","https://upload.wikimedia.org/wikipedia/commons/6/61/Belur_Math%2C_Howrah_03.jpg","https://upload.wikimedia.org/wikipedia/commons/3/31/Belur_Math%2C_Howrah_01.jpg"
"Dakshineswar Kali Temple Kolkata","https://upload.wikimedia.org/wikipedia/commons/c/c5/Dakshineswar_Kali_Temple%2C_Dakshineswar%2C_North_24_Parganas_district%2C_India.jpg","https://upload.wikimedia.org/wikipedia/commons/3/3b/Dakshineswar_Kali_Temple%2C_North_24_Parganas_district%2C_India.jpg","https://upload.wikimedia.org/wikipedia/commons/7/79/Inside_the_Dakshineswar_temple_complex%2C_North_24_Parganas_district%2C_India.jpg","https://upload.wikimedia.org/wikipedia/commons/4/47/Dakshineswar_Kali_temple%2C_Kolkata%2C_West_Bengal%2C_India.JPG"
"ISKCON Temple Kolkata","https://upload.wikimedia.org/wikipedia/commons/a/a6/Bhaktivinoda_Asan_Roof_3_-_ISKCON_Ultadanga%2C_Kolkata.jpg","https://upload.wikimedia.org/wikipedia/commons/f/fa/Bhaktivinoda_Asan_Roof_1_-_ISKCON_Ultadanga%2C_Kolkata.jpg","https://upload.wikimedia.org/wikipedia/commons/e/ea/Ulta_Rathyatra%2C_ISKCON_Kolkata_2015.jpg","https://upload.wikimedia.org/wikipedia/commons/8/88/Bhaktivinoda_Asan_Roof_2_-_ISKCON_Ultadanga%2C_Kolkata.jpg"
"Kalighat Kali Temple Kolkata","https://upload.wikimedia.org/wikipedia/commons/a/a4/Kalighat_Kali_Temple.jpg","https://upload.wikimedia.org/wikipedia/commons/4/47/Kalighat_Temple_Kolkata_India_-_panoramio.jpg","https://upload.wikimedia.org/wikipedia/commons/d/db/Kalighat_Temple_Kolkata_%2838293858642%29.jpg","https://upload.wikimedia.org/wikipedia/commons/9/97/Kalighat_Kali_Temple_after_renovation.jpg"
"Parasnath Digambar Jain Temple Kolkata",null,null,null,null
"Tara Temple Tarapith West Bengal","https://upload.wikimedia.org/wikipedia/commons/3/36/Maa_Tara_Temple.jpg",null,null,null
"Tarakeshwar Temple West Bengal","https://upload.wikimedia.org/wikipedia/commons/8/8b/Baba_Tarakeshwar_Original.jpg",null,null,null
"Mayapur Chandrodaya Mandir West Bengal","https://upload.wikimedia.org/wikipedia/commons/3/37/Sri_Sri_Radha_Madhav_Temple_%28also_Sri_Maya_Chandrodaya_Mandir%2C_Mayapur%29_in_West_Bengal%2C_India.jpg","https://upload.wikimedia.org/wikipedia/commons/8/8a/Chandrodaya_Mandir_in_ISKCON_Campus_10.jpg","https://upload.wikimedia.org/wikipedia/commons/c/c5/Chandrodaya_Mandir_Under_Construction_-_Temple_Of_Vedic_Planetarium_-_ISKCON_Campus_-_Mayapur_-_Nadia_20170815110025.jpg","https://upload.wikimedia.org/wikipedia/commons/9/99/Chandrodaya_Mandir_and_Srila_Prabhupada_Pushpa_Samadhi_Mandir_at_ISKCON%2C_Mayapur_in_Nadia_District_10.jpg"
"Hanseswari Temple Bansberia West Bengal","https://upload.wikimedia.org/wikipedia/commons/0/0c/Hanseswari_Temple_at_Bansberia%2C_Hooghly_01.jpg","https://upload.wikimedia.org/wikipedia/commons/2/28/Hanseswari_Temple_at_Bansberia%2C_Hooghly_03.jpg","https://upload.wikimedia.org/wikipedia/commons/6/66/Hanseswari_Temple_at_Bansberia%2C_Hooghly_02.jpg","https://upload.wikimedia.org/wikipedia/commons/d/d9/Hanseswari_Mandir_-_South-east_View_-_Bansberia_Royal_Estate_-_Hooghly_-_2013-05-19_7529-7530.JPG"
"Ananta Basudeba Temple Puri",null,null,null,null
